Processor,Brand,Ram_GB,Rom_GB,Battery_Capacity,Display_Size(Inches),Display_Quality,Refresh_Rate,Rear_Camera_MP,Front_Camera_MP,Android,IOS,Version,Price
MediaTek,OnePlus,8,128,7100,6.77,AMOLED,120,50,16,1,0,15,22999
Snapdragon,vivo,8,128,6000,6.77,AMOLED,120,50,50,1,0,15,34999
MediaTek,realme,8,256,7000,6.78,AMOLED,120,50,32,1,0,15,39998
MediaTek,POCO,8,256,6550,6.67,AMOLED,120,50,20,1,0,15,23998
Samsung,Samsung,8,128,5000,6.7,AMOLED,120,50,12,1,0,15,38999
Samsung,Samsung,8,128,5000,6.6,AMOLED,120,50,13,1,0,14,20290
MediaTek,OPPO,1,256,6200,6.83,LCD,120,50,50,1,0,15,49999
Snapdragon,Samsung,1,256,5000,6.9,AMOLED,120,50,12,1,0,15,117999
Samsung,Samsung,6,128,6000,6.6,AMOLED,120,50,13,1,0,14,13999
Snapdragon,OnePlus,1,256,6000,6.78,AMOLED,120,50,16,1,0,15,42997
MediaTek,Infinix,8,128,5500,6.78,AMOLED,144,64,13,1,0,15,16220
Snapdragon,Motorola,8,128,5000,6.67,LCD,144,50,32,1,0,14,19270
MediaTek,OPPO,4,128,6000,6.67,LCD,120,50,8,1,0,15,11999
Snapdragon,Moto,8,128,5000,6.67,LCD,120,50,32,1,0,14,16199
Snapdragon,realme,8,128,6000,6.83,AMOLED,120,50,16,1,0,15,19999
Samsung,Samsung,8,128,5000,6.6,AMOLED,120,50,32,1,0,14,26999
MediaTek,iQOO,4,128,6000,6.74,LCD,90,50,5,1,0,15,9998
Snapdragon,iQOO,1,256,6000,6.82,AMOLED,144,50,32,1,0,15,54998
MediaTek,Xiaomi,6,128,5110,6.67,AMOLED,120,50,20,1,0,14,16999
Snapdragon,realme,8,128,6000,6.83,LCD,120,50,32,1,0,15,29999
Snapdragon,OnePlus,8,256,6800,6.83,AMOLED,144,50,50,1,0,15,31999
Snapdragon,OnePlus,8,128,5500,6.7,AMOLED,120,50,16,1,0,14,22998
MediaTek,vivo,8,128,5500,6.78,AMOLED,120,50,50,1,0,14,27999
Snapdragon,Samsung,1,256,5000,6.8,AMOLED,120,50,12,1,0,14,82490
MediaTek,Infinix,8,256,5500,6.78,AMOLED,144,108,13,1,0,15,25650
Samsung,Samsung,8,256,4000,6.2,AMOLED,120,50,12,1,0,14,52489
MediaTek,CMF,8,128,5000,6.77,AMOLED,120,50,16,1,0,15,17999
MediaTek,vivo,1,512,6000,6.78,AMOLED,120,200,32,1,0,15,87400
Snapdragon,Xiaomi,8,128,6200,6.67,AMOLED,120,50,20,1,0,14,29750
Snapdragon,Samsung,1,256,4000,6.2,AMOLED,120,50,12,1,0,15,92999
Snapdragon,Samsung,8,128,5000,6.7,AMOLED,120,50,12,1,0,15,30999
Snapdragon,Nothing,8,128,5000,6.77,AMOLED,120,50,50,1,0,15,27694
MediaTek,POCO,6,128,5110,6.67,AMOLED,120,50,20,1,0,14,12849
Snapdragon,Honor,8,256,6600,6.78,AMOLED,120,108,16,1,0,14,20748
MediaTek,Motorola,1,256,5500,6.67,LCD,120,50,50,1,0,15,25999
MediaTek,realme,8,128,6000,6.83,AMOLED,120,50,16,1,0,15,23999
MediaTek,POCO,8,128,5500,6.67,AMOLED,120,50,20,1,0,14,16499
Snapdragon,Moto,4,128,5000,6.5,LCD,120,50,16,1,0,14,10574
Snapdragon,Nothing,8,128,5000,6.77,AMOLED,120,50,32,1,0,15,23563
MediaTek,Tecno,6,128,5500,6.78,AMOLED,144,64,13,1,0,15,15999
MediaTek,OnePlus,8,128,7100,6.77,AMOLED,120,50,16,1,0,15,22999
Snapdragon,Motorola,8,256,5000,6.7,LCD,120,50,32,1,0,15,22939
MediaTek,vivo,4,128,6000,6.74,LCD,90,50,5,1,0,15,10560
MediaTek,Tecno,8,128,6000,6.78,AMOLED,144,64,13,1,0,15,18999
Snapdragon,realme,1,256,5800,6.78,AMOLED,120,50,16,1,0,15,48999
MediaTek,iQOO,8,128,5500,6.77,AMOLED,120,50,16,1,0,14,18998
Snapdragon,Xiaomi,8,256,4700,6.55,AMOLED,120,50,32,1,0,14,29999
Snapdragon,Xiaomi,6,128,5030,6.79,LCD,120,108,13,1,0,14,11798
Apple,Apple,8,128,3561,6.1,LCD,60,48,12,0,1,18,72900
MediaTek,vivo,8,128,5600,6.77,AMOLED,120,50,50,1,0,15,28999
Apple,Apple,8,256,4685,6.9,LCD,120,48,12,0,1,18,133900
MediaTek,Tecno,8,128,6000,6.78,LCD,144,50,13,1,0,15,14999
MediaTek,Samsung,4,128,5000,6.7,AMOLED,90,50,13,1,0,15,11499
Snapdragon,OnePlus,8,128,5500,6.67,AMOLED,120,50,16,1,0,14,17996
Snapdragon,vivo,8,128,5500,6.77,AMOLED,120,50,16,1,0,14,22999
Snapdragon,Samsung,8,128,5000,6.7,AMOLED,120,50,50,1,0,14,17799
Samsung,Samsung,8,128,5000,6.7,AMOLED,120,50,13,1,0,15,22399
MediaTek,vivo,8,256,5500,6.78,AMOLED,120,50,50,1,0,14,37340
MediaTek,Samsung,8,128,5000,6.7,AMOLED,90,50,13,1,0,14,17499
Google,Google,8,256,5100,6.3,LCD,120,48,13,1,0,15,49999
MediaTek,OPPO,8,128,6000,6.7,AMOLED,120,50,16,1,0,15,27998
MediaTek,OPPO,8,256,5000,6.7,AMOLED,120,50,32,1,0,14,22209
Apple,Apple,6,128,3349,6.1,LCD,60,48,12,0,1,17,57900
Snapdragon,realme,8,128,5500,6.78,AMOLED,120,50,32,1,0,14,27999
MediaTek,Xiaomi,8,128,5500,6.67,AMOLED,120,50,20,1,0,14,22999
MediaTek,vivo,4,128,5500,6.68,LCD,120,50,8,1,0,14,13999
Snapdragon,Honor,8,256,5200,6.7,AMOLED,120,50,50,1,0,14,21748
MediaTek,realme,6,128,6000,6.72,LCD,120,50,8,1,0,15,13999
MediaTek,vivo,1,256,5800,6.67,AMOLED,120,50,32,1,0,15,65999
Snapdragon,OPPO,8,128,6500,6.7,AMOLED,120,50,16,1,0,15,23998
MediaTek,vivo,8,128,5500,6.77,AMOLED,120,50,50,1,0,14,25999
Snapdragon,POCO,6,128,5160,6.88,LCD,120,50,8,1,0,14,9499
Snapdragon,realme,8,256,5500,6.78,AMOLED,120,50,32,1,0,14,30990
MediaTek,OPPO,8,128,5800,6.67,LCD,120,50,8,1,0,15,17998
Snapdragon,Xiaomi,8,128,5100,6.67,AMOLED,120,200,16,1,0,13,20990
MediaTek,Infinix,6,128,5500,6.67,LCD,120,50,8,1,0,15,11180
MediaTek,CMF,6,128,5000,6.67,AMOLED,120,50,16,1,0,14,15120
Samsung,Samsung,8,128,5000,6.7,AMOLED,120,50,12,1,0,15,27999
MediaTek,realme,8,256,7000,6.8,AMOLED,120,50,32,1,0,15,34998
MediaTek,realme,8,128,6000,6.7,LCD,120,50,16,1,0,15,18999
Snapdragon,Xiaomi,4,64,5160,6.88,LCD,120,50,8,1,0,14,9498
Snapdragon,vivo,8,128,6500,6.68,LCD,120,50,8,1,0,15,16999
MediaTek,OPPO,8,128,5600,6.59,AMOLED,120,50,50,1,0,15,35999
MediaTek,realme,8,128,6000,6.77,LCD,120,50,16,1,0,15,23980
Snapdragon,vivo,8,128,5000,6.67,AMOLED,120,50,32,1,0,14,20999
MediaTek,vivo,4,64,5500,6.74,LCD,90,13,5,1,0,15,10499
Samsung,Samsung,1,256,4900,6.7,AMOLED,120,50,12,1,0,14,99999
Snapdragon,OnePlus,8,128,5500,6.78,LCD,120,50,16,1,0,14,39999
Apple,Apple,4,128,3227,6.1,LCD,60,12,12,0,1,15,43900
Snapdragon,iQOO,4,128,6000,6.72,LCD,120,50,8,1,0,14,11999
Samsung,Samsung,8,128,5000,6.7,AMOLED,120,50,12,1,0,15,27999
MediaTek,Samsung,4,128,5000,6.7,LCD,90,50,8,1,0,15,9499
Snapdragon,Motorola,8,256,4500,6.7,LCD,144,50,50,1,0,14,29990
MediaTek,POCO,8,256,5000,6.67,AMOLED,120,64,16,1,0,14,19599
Snapdragon,realme,8,128,5200,6.7,LCD,120,50,32,1,0,14,18465
MediaTek,OPPO,8,128,5000,6.7,AMOLED,120,64,8,1,0,14,18749
Snapdragon,Xiaomi,1,512,5240,6.36,LCD,120,50,32,1,0,15,64998
Snapdragon,Samsung,1,256,3900,6.7,AMOLED,120,200,12,1,0,15,109999
Snapdragon,vivo,8,128,5500,6.78,AMOLED,120,50,50,1,0,14,35999
Snapdragon,Motorola,8,256,5000,6.7,LCD,120,50,32,1,0,14,22490
MediaTek,Nothing,8,256,5000,6.7,AMOLED,120,50,50,1,0,14,21710
MediaTek,vivo,8,128,5000,6.67,AMOLED,120,50,16,1,0,14,16999
Snapdragon,realme,8,256,5200,6.7,LCD,120,50,32,1,0,14,32999
Snapdragon,Samsung,8,128,5000,6.7,AMOLED,120,50,50,1,0,14,15910
MediaTek,OPPO,1,256,5800,6.83,AMOLED,120,50,50,1,0,15,49999
Snapdragon,Samsung,8,128,3900,6.1,AMOLED,120,50,12,1,0,13,48999
Apple,Apple,8,128,3961,6.1,LCD,60,48,12,0,1,18,50999
Snapdragon,OnePlus,1,256,5400,6.82,LCD,120,64,32,1,0,14,51997
MediaTek,Samsung,4,128,5000,6.7,AMOLED,90,50,13,1,0,14,12999
Snapdragon,Motorola,1,512,4500,6.7,LCD,144,64,50,1,0,14,45739
Snapdragon,POCO,8,256,5000,6.67,AMOLED,120,50,20,1,0,14,25990
MediaTek,Xiaomi,6,128,5000,6.67,AMOLED,120,108,16,1,0,13,15999
Snapdragon,Xiaomi,4,64,5160,6.88,LCD,120,50,5,1,0,14,7999
Google,Google,8,128,4492,6.1,LCD,120,64,13,1,0,14,37999
Apple,Apple,8,128,3582,6.3,LCD,120,48,12,0,1,18,110900
MediaTek,Moto,8,128,6000,6.5,LCD,120,50,16,1,0,14,14398
Snapdragon,POCO,4,64,5160,6.88,LCD,120,50,5,1,0,14,7689
Snapdragon,vivo,8,128,5000,6.78,AMOLED,120,50,50,1,0,14,29990
MediaTek,Lava,4,64,5000,6.74,LCD,120,50,5,1,0,15,7999
Snapdragon,Samsung,1,256,4400,8,AMOLED,120,200,10,1,0,16,174999
MediaTek,OPPO,1,256,5630,6.59,LCD,120,50,32,1,0,15,69999
Snapdragon,POCO,6,128,5030,6.79,LCD,120,108,13,1,0,14,10899
Snapdragon,Samsung,1,256,5000,6.8,AMOLED,120,10,12,1,0,13,72222
MediaTek,realme,4,128,6000,6.67,LCD,120,32,8,1,0,15,11973
Snapdragon,Honor,1,512,5200,6.78,LCD,120,50,50,1,0,14,36999
MediaTek,OPPO,1,256,5000,6.7,AMOLED,120,50,50,1,0,14,31500
MediaTek,OPPO,6,128,6000,6.67,LCD,120,50,8,1,0,15,15499
MediaTek,realme,6,128,6000,6.72,LCD,120,50,8,1,0,15,12998
Snapdragon,iQOO,1,256,5000,6.78,AMOLED,144,64,16,1,0,14,54990
MediaTek,Xiaomi,8,256,5000,6.67,AMOLED,120,200,16,1,0,13,24999
MediaTek,OPPO,1,512,5910,6.78,LCD,120,50,32,1,0,15,87999
MediaTek,Samsung,6,128,5000,6.7,LCD,90,50,8,1,0,15,8939
Snapdragon,vivo,4,128,6000,6.72,LCD,120,50,8,1,0,14,12499
MediaTek,Nothing,8,128,5000,6.7,AMOLED,120,50,32,1,0,14,22990
Snapdragon,realme,8,128,5200,6.7,LCD,120,50,32,1,0,14,19805
MediaTek,OPPO,6,128,5100,6.67,LCD,120,32,8,1,0,14,12618
Samsung,Samsung,8,128,4500,6.4,AMOLED,120,50,10,1,0,13,34999
MediaTek,OPPO,4,128,6000,6.67,LCD,120,32,5,1,0,15,12790
MediaTek,Acer,4,128,5000,6.8,LCD,120,64,13,1,0,15,9999
MediaTek,Lava,8,128,5000,6.78,AMOLED,120,50,16,1,0,14,16999
MediaTek,Samsung,4,128,6000,6.5,AMOLED,90,50,13,1,0,14,11975
Google,Google,1,256,4700,6.3,LCD,120,50,42,1,0,14,89999
MediaTek,Infinix,8,256,5000,6.78,AMOLED,120,108,32,1,0,14,18999
Snapdragon,OnePlus,8,128,5000,6.74,AMOLED,120,50,16,1,0,13,34999
Snapdragon,vivo,1,512,6000,8.03,AMOLED,120,50,20,1,0,15,149999
MediaTek,Samsung,4,64,5000,6.7,LCD,90,50,8,1,0,15,10499
Apple,Apple,6,128,3279,6.1,LCD,60,12,12,0,1,16,52999
MediaTek,realme,6,128,5000,6.67,AMOLED,120,50,16,1,0,14,13999
Google,Google,8,128,4385,6.1,LCD,90,64,13,1,0,13,27999
Snapdragon,Samsung,1,256,5000,6.8,AMOLED,120,10,40,1,0,12,62990
Snapdragon,OPPO,8,256,7000,6.67,AMOLED,120,50,16,1,0,15,19999
Apple,Apple,6,128,4383,6.7,LCD,60,48,12,0,1,17,72490
MediaTek,Infinix,4,128,5000,6.7,LCD,120,48,8,1,0,14,9945
Snapdragon,Samsung,1,256,4900,6.7,AMOLED,120,50,12,1,0,15,99999
Snapdragon,Motorola,1,512,4700,6.96,AMOLED,165,50,50,1,0,15,99998
Snapdragon,iQOO,8,256,5160,6.78,AMOLED,144,50,16,1,0,14,33999
Snapdragon,Samsung,8,128,5000,6.7,AMOLED,120,50,50,1,0,14,20990
Samsung,Samsung,8,128,4500,6.4,AMOLED,120,12,32,1,0,12,34999
MediaTek,vivo,8,256,5000,6.78,AMOLED,120,50,50,1,0,14,33999
Snapdragon,Moto,8,128,5000,6.5,LCD,120,50,16,1,0,14,12092
MediaTek,Tecno,6,128,5000,6.67,LCD,120,108,8,1,0,14,11999
MediaTek,OnePlus,8,128,5000,6.74,AMOLED,120,50,16,1,0,13,27999
MediaTek,realme,4,64,6000,6.67,LCD,120,32,8,1,0,15,10449
Snapdragon,OnePlus,8,128,5000,6.7,AMOLED,120,50,16,1,0,13,37999
Apple,Apple,8,128,4674,6.7,LCD,60,48,12,0,1,18,82900
Snapdragon,OnePlus,8,128,5000,6.7,AMOLED,120,50,16,1,0,13,16999
Snapdragon,OnePlus,8,128,5000,6.7,AMOLED,120,50,32,1,0,12,49999
MediaTek,vivo,8,256,6000,6.74,LCD,90,50,5,1,0,15,12999
MediaTek,realme,8,128,5000,6.72,LCD,120,50,16,1,0,14,14999
MediaTek,Lava,4,128,5000,6.67,AMOLED,120,64,16,1,0,14,11999
Snapdragon,realme,8,128,5200,6.7,LCD,120,50,32,1,0,14,20236
MediaTek,OPPO,8,128,5000,6.7,AMOLED,120,64,32,1,0,14,22400
MediaTek,vivo,1,256,5000,6.78,AMOLED,120,64,32,1,0,14,51799
Snapdragon,vivo,8,128,5500,6.78,AMOLED,120,50,50,1,0,14,25176
Snapdragon,vivo,8,128,4800,6.67,AMOLED,120,64,16,1,0,13,22499
Snapdragon,iQOO,1,512,6000,6.82,AMOLED,144,50,32,1,0,15,59998
MediaTek,OPPO,4,64,5100,6.67,LCD,120,8,5,1,0,14,10998
MediaTek,realme,8,128,5000,6.67,LCD,120,50,16,1,0,14,14339
Snapdragon,realme,8,128,5000,6.7,AMOLED,120,64,32,1,0,14,29999
Snapdragon,Samsung,1,256,4400,7.6,AMOLED,120,50,4,1,0,14,129556
MediaTek,Tecno,1,512,5000,6.77,AMOLED,120,50,50,1,0,14,29499
MediaTek,Motorola,8,256,4500,6.9,LCD,120,50,32,1,0,15,46589
Snapdragon,Xiaomi,8,256,4600,6.73,AMOLED,120,50,32,1,0,12,33999
MediaTek,Infinix,8,256,5000,6.78,AMOLED,120,108,32,1,0,14,15900
Samsung,Samsung,6,128,5000,6.7,AMOLED,120,50,13,1,0,15,16499
Google,Google,1,256,4700,6.3,LCD,120,50,10.5,1,0,14,69999
Snapdragon,vivo,8,256,7300,6.77,AMOLED,120,50,32,1,0,15,23699
MediaTek,OPPO,8,128,5000,6.7,AMOLED,120,50,32,1,0,14,25900
Snapdragon,OnePlus,2,1,6000,6.82,AMOLED,120,50,32,1,0,15,89997
Samsung,Samsung,4,64,5000,6.6,LCD,90,50,13,1,0,13,11999
MediaTek,iQOO,8,128,5000,6.67,AMOLED,120,50,16,1,0,14,18499
Samsung,Samsung,8,128,5000,6.4,AMOLED,120,50,32,1,0,13,25999
Snapdragon,vivo,8,128,4600,6.78,AMOLED,120,50,50,1,0,13,32999
MediaTek,Samsung,8,128,5000,6.5,AMOLED,90,50,13,1,0,14,17990
MediaTek,Infinix,1,256,5000,6.78,AMOLED,144,108,50,1,0,14,25999
Apple,Apple,8,256,4441,6.7,LCD,120,48,12,0,1,17,159900
Google,Google,1,128,5000,6.7,LCD,120,50,10.8,1,0,13,44999
MediaTek,POCO,8,128,5000,6.67,AMOLED,120,108,16,1,0,13,13899
Snapdragon,Xiaomi,1,512,4610,6.36,AMOLED,120,50,32,1,0,14,56949
MediaTek,Xiaomi,6,128,5000,6.67,AMOLED,120,50,16,1,0,12,15799
Snapdragon,Samsung,8,128,3700,6.1,AMOLED,120,50,10,1,0,12,72999
Snapdragon,OnePlus,8,256,5500,6.74,AMOLED,120,50,16,1,0,14,29999
MediaTek,OPPO,8,128,6000,6.67,LCD,120,50,8,1,0,15,14180
Snapdragon,OnePlus,8,128,4500,6.55,AMOLED,120,2,16,1,0,11,24799
Snapdragon,POCO,8,256,5100,6.67,AMOLED,120,64,16,1,0,13,18799
Snapdragon,Nothing,8,256,5000,6.77,AMOLED,120,50,32,1,0,15,25985
Apple,Apple,4,64,2815,6.1,LCD,60,12,12,0,1,14,48900
Snapdragon,vivo,8,128,5000,6.78,AMOLED,120,64,50,1,0,13,25899
MediaTek,Tecno,4,64,5000,6.67,LCD,120,48,8,1,0,14,8699
Snapdragon,iQOO,8,256,6400,6.78,AMOLED,144,50,32,1,0,15,28998
MediaTek,OPPO,8,128,5000,6.67,LCD,120,50,32,1,0,14,18984
MediaTek,realme,8,128,5000,6.67,LCD,120,50,16,1,0,14,22999
Snapdragon,POCO,4,64,5000,6.79,LCD,90,50,8,1,0,13,10999
MediaTek,iQOO,4,128,5000,6.56,LCD,90,50,8,1,0,14,10499
MediaTek,vivo,1,512,5400,6.78,AMOLED,120,50,32,1,0,14,79499
MediaTek,Xiaomi,6,64,5000,6.6,LCD,90,50,16,1,0,11,11499
Google,Google,1,256,5060,6.8,LCD,120,50,42,1,0,14,104999
MediaTek,OPPO,8,128,5100,6.67,LCD,120,50,8,1,0,14,15880
Snapdragon,Xiaomi,1,512,6200,6.67,AMOLED,120,50,20,1,0,14,32299
MediaTek,Motorola,1,256,6000,6.7,LCD,120,50,50,1,0,15,34799
MediaTek,OnePlus,8,128,5000,6.7,AMOLED,120,50,16,1,0,12,29999
Samsung,Samsung,8,256,4500,6.4,AMOLED,120,12,32,1,0,12,22464
MediaTek,Xiaomi,4,128,5000,6.74,LCD,90,50,5,1,0,13,9999
Snapdragon,Moto,1,256,5000,6.67,LCD,120,50,32,1,0,14,19490
Snapdragon,realme,8,128,5000,6.7,AMOLED,120,50,16,1,0,14,25999
Google,Google,8,128,4355,6.3,LCD,90,50,10.8,1,0,13,30999
Samsung,Samsung,8,256,6000,6.7,AMOLED,120,108,32,1,0,13,31999
MediaTek,iQOO,8,256,6000,6.74,LCD,90,50,5,1,0,15,12998
MediaTek,iQOO,8,128,6500,6.72,LCD,120,50,8,1,0,15,14998
MediaTek,vivo,8,128,4600,6.78,AMOLED,120,50,50,1,0,13,32899
Google,Google,1,128,5003,6.7,LCD,120,50,11.1,1,0,12,32999
Samsung,Samsung,6,128,6000,6.5,AMOLED,120,50,13,1,0,13,14999
MediaTek,vivo,8,256,6500,6.72,LCD,120,50,8,1,0,15,17796
Google,Google,1,128,5050,6.7,LCD,120,50,10.5,1,0,14,59999
MediaTek,Motorola,8,256,4400,6.55,LCD,144,50,32,1,0,13,26999
MediaTek,realme,8,128,5000,6.67,AMOLED,120,50,16,1,0,14,19490
MediaTek,vivo,8,256,4600,6.78,AMOLED,120,50,50,1,0,13,39999
MediaTek,Infinix,8,256,5000,6.78,LCD,120,108,8,1,0,14,19999
MediaTek,Infinix,8,256,5000,6.78,AMOLED,144,108,50,1,0,13,20990
Snapdragon,Xiaomi,4,128,5000,6.67,AMOLED,120,48,13,1,0,12,12999
MediaTek,vivo,4,128,5000,6.56,LCD,90,50,8,1,0,14,10499
MediaTek,OPPO,1,256,4600,6.7,AMOLED,120,50,32,1,0,14,29899
MediaTek,Infinix,6,128,5200,6.7,LCD,120,50,8,1,0,15,10499
Samsung,Samsung,1,256,4300,6.9,AMOLED,120,50,10,1,0,16,109999
MediaTek,Infinix,8,256,5500,6.78,AMOLED,144,64,13,1,0,15,18299
MediaTek,Lava,4,128,5000,6.67,AMOLED,120,64,16,1,0,14,14999
Google,Google,6,128,4410,6.1,LCD,60,12,8,1,0,12,43989
MediaTek,realme,8,128,5000,6.7,AMOLED,120,100,16,1,0,13,23999
Snapdragon,vivo,8,128,5000,6.78,AMOLED,120,50,32,1,0,14,23999
Snapdragon,vivo,6,128,5000,6.67,AMOLED,120,50,16,1,0,14,19999
MediaTek,POCO,8,256,5110,6.67,AMOLED,120,50,20,1,0,14,14899
MediaTek,Ulefone,1,512,1560,6.78,LCD,120,200,50,1,0,13,64500
Samsung,Samsung,6,128,5000,6.5,AMOLED,120,5,32,1,0,12,29500
MediaTek,Tecno,4,64,5000,6.67,LCD,120,48,8,1,0,14,9999
Snapdragon,iQOO,8,128,5000,6.78,AMOLED,120,50,16,1,0,13,35391
Snapdragon,Samsung,1,256,4000,6.7,AMOLED,120,50,10,1,0,14,71249
MediaTek,realme,6,128,5000,6.67,AMOLED,120,50,16,1,0,14,15999
MediaTek,vivo,4,128,5000,6.58,LCD,60,50,8,1,0,13,11999
Snapdragon,Samsung,8,128,4500,6.6,AMOLED,120,50,10,1,0,12,42790
Snapdragon,vivo,8,128,5000,6.78,AMOLED,120,64,16,1,0,14,20490
MediaTek,Motorola,8,128,5000,6.55,LCD,144,50,32,1,0,13,22999
Apple,Apple,6,128,4325,6.7,LCD,60,12,12,0,1,16,69900
MediaTek,Samsung,4,128,6000,6.5,AMOLED,90,50,13,1,0,14,11899
Snapdragon,Xiaomi,8,128,5000,6.67,AMOLED,120,108,16,1,0,11,22990
Snapdragon,OnePlus,8,128,4500,6.55,AMOLED,120,2,16,1,0,11,19999
Snapdragon,Samsung,8,256,5000,6.7,AMOLED,120,50,50,1,0,14,19378
MediaTek,Samsung,6,128,5000,6.7,LCD,90,50,8,1,0,15,10999
Samsung,Samsung,8,128,6000,6.6,AMOLED,120,50,13,1,0,14,15499
Snapdragon,Xiaomi,1,256,4820,6.73,AMOLED,120,50,32,1,0,13,48870
MediaTek,realme,8,256,5000,6.7,AMOLED,120,200,32,1,0,13,27999
MediaTek,vivo,1,512,5500,6.67,AMOLED,120,50,32,1,0,15,41999
MediaTek,realme,1,256,5000,6.67,LCD,120,50,16,1,0,14,16288
Snapdragon,POCO,8,128,5160,6.88,LCD,120,50,8,1,0,14,10499
Snapdragon,POCO,8,256,5000,6.67,AMOLED,120,64,16,1,0,13,21990
MediaTek,vivo,8,128,6500,6.72,LCD,120,50,8,1,0,15,14999
MediaTek,vivo,4,128,5000,6.56,LCD,90,50,8,1,0,13,12799
Samsung,Samsung,8,256,5000,6.7,AMOLED,120,50,13,1,0,15,25760
MediaTek,Lava,8,128,5000,6.67,AMOLED,120,64,32,1,0,13,15999
Snapdragon,POCO,1,256,5000,6.67,AMOLED,120,50,20,1,0,14,31999
MediaTek,iQOO,8,256,6500,6.72,LCD,120,50,8,1,0,15,16498
Snapdragon,OPPO,1,256,4600,6.7,AMOLED,120,50,32,1,0,13,37999
MediaTek,vivo,8,128,4830,6.56,AMOLED,120,64,32,1,0,12,25999
Samsung,Samsung,6,128,5000,6.4,AMOLED,90,2,13,1,0,12,20799
Snapdragon,vivo,1,512,6000,6.77,AMOLED,120,50,50,1,0,15,40999
MediaTek,Tecno,8,256,5160,6.8,AMOLED,120,64,32,1,0,12,39989
MediaTek,POCO,4,128,5000,6.74,LCD,90,50,5,1,0,13,9389
Snapdragon,realme,1,256,5500,6.78,AMOLED,120,50,32,1,0,14,31999
MediaTek,Tecno,8,256,5000,6.78,AMOLED,120,50,50,1,0,14,19999
Snapdragon,Moto,4,128,5000,6.5,LCD,120,50,16,1,0,14,10999
MediaTek,Infinix,8,512,4720,6.9,AMOLED,120,50,50,1,0,14,44999
MediaTek,realme,8,128,5000,6.7,AMOLED,120,50,16,1,0,12,20390
Samsung,Samsung,4,128,6000,6.6,LCD,90,50,13,1,0,13,8999
MediaTek,OPPO,8,128,5000,6.56,LCD,90,50,8,1,0,13,16690
Snapdragon,iQOO,1,256,6400,6.78,AMOLED,144,50,32,1,0,15,30998
MediaTek,Motorola,1,256,5500,6.67,LCD,120,50,32,1,0,15,24565
MediaTek,realme,8,128,5000,6.67,AMOLED,120,50,16,1,0,14,20999
Snapdragon,Nothing,1,256,5000,6.77,AMOLED,120,50,50,1,0,15,34999
MediaTek,vivo,8,256,4810,6.78,AMOLED,120,50,32,1,0,13,42899
Samsung,Samsung,8,128,5000,6.5,AMOLED,120,50,13,1,0,14,18780
MediaTek,realme,4,128,5000,6.67,LCD,120,50,8,1,0,14,9999
MediaTek,Infinix,8,128,5000,6.78,LCD,120,48,16,1,0,11,12999
Snapdragon,vivo,6,128,4700,6.44,AMOLED,90,64,16,1,0,12,15084
Snapdragon,vivo,8,128,6000,6.72,LCD,120,50,8,1,0,14,16689
MediaTek,Lava,8,128,5000,6.78,LCD,120,50,16,1,0,13,12499
MediaTek,Tecno,8,128,5000,6.67,AMOLED,120,64,32,1,0,13,15399
MediaTek,vivo,1,256,5500,6.67,AMOLED,120,50,32,1,0,15,40999
Snapdragon,vivo,6,128,4500,6.38,AMOLED,90,64,16,1,0,13,15999
Snapdragon,realme,8,256,6000,6.67,AMOLED,120,50,16,1,0,15,18499
Snapdragon,Samsung,8,256,4700,6.6,AMOLED,120,50,12,1,0,13,60499
Snapdragon,Samsung,4,128,5000,6.6,LCD,120,50,8,1,0,12,14990
Snapdragon,vivo,1,256,7300,6.77,AMOLED,120,50,32,1,0,15,26740
MediaTek,Tecno,8,128,5500,6.78,AMOLED,144,64,13,1,0,15,16999
MediaTek,OPPO,1,256,4500,6.7,AMOLED,120,50,32,1,0,12,36399
MediaTek,vivo,8,256,5500,6.78,AMOLED,120,50,50,1,0,14,29999
Snapdragon,realme,6,128,4300,6.43,AMOLED,120,64,32,1,0,11,20990
MediaTek,Tecno,1,512,5750,7.85,AMOLED,120,50,32,1,0,14,89999
Samsung,Samsung,8,256,5000,6.6,AMOLED,120,50,13,1,0,14,22995
Snapdragon,Xiaomi,1,512,4700,6.55,AMOLED,120,50,32,1,0,14,31999
Samsung,Samsung,8,256,6000,6.6,AMOLED,120,50,13,1,0,14,18499
Snapdragon,OPPO,1,256,4700,6.74,AMOLED,120,64,32,1,0,13,44999
MediaTek,CMF,8,256,5000,6.77,AMOLED,120,50,16,1,0,15,20099
Snapdragon,OPPO,8,128,4800,6.7,AMOLED,120,108,32,1,0,13,29999
Snapdragon,Samsung,1,128,4000,6.2,AMOLED,120,50,12,1,0,15,74999
Snapdragon,realme,1,512,5800,6.78,AMOLED,120,50,16,1,0,15,54999
MediaTek,Moto,1,256,6000,6.5,LCD,120,50,16,1,0,14,17494
MediaTek,Samsung,8,128,5000,6.7,AMOLED,90,50,13,1,0,14,16499
MediaTek,Samsung,6,128,5000,6.7,AMOLED,90,50,13,1,0,15,12999
MediaTek,Infinix,1,256,5500,6.78,AMOLED,144,108,13,1,0,15,26999
Snapdragon,Samsung,6,128,5000,6.6,LCD,120,2,8,1,0,13,14999
Snapdragon,OnePlus,1,512,6000,6.78,AMOLED,120,50,16,1,0,15,47997
MediaTek,Xiaomi,8,256,4980,6.67,AMOLED,120,200,16,1,0,12,21440
MediaTek,Samsung,6,128,6000,6.5,AMOLED,90,50,13,1,0,14,13499
MediaTek,OPPO,8,128,5000,6.72,LCD,90,50,8,1,0,13,19400
Samsung,Samsung,8,256,5000,6.6,AMOLED,120,50,32,1,0,14,28999
Snapdragon,vivo,1,256,4700,6.78,AMOLED,120,8,32,1,0,12,59999
Snapdragon,iQOO,6,128,6000,6.72,LCD,120,50,8,1,0,14,13499
Snapdragon,realme,8,256,6000,6.83,AMOLED,120,50,16,1,0,15,20999
Samsung,Samsung,4,128,6000,6.6,LCD,90,50,13,1,0,13,11990
Snapdragon,realme,1,512,5200,6.7,LCD,120,50,32,1,0,14,23999
MediaTek,Samsung,6,128,5000,6.7,AMOLED,90,50,13,1,0,14,15999
MediaTek,Motorola,1,512,6000,6.7,LCD,120,50,50,1,0,15,37999
Snapdragon,Honor,1,512,5200,6.7,AMOLED,120,50,50,1,0,14,28999
Google,Google,1,256,4650,8,LCD,120,48,10,1,0,14,152999
Samsung,Samsung,8,256,5000,6.7,AMOLED,120,50,12,1,0,15,41999
MediaTek,vivo,1,256,4870,6.78,AMOLED,120,50,32,1,0,13,59980
MediaTek,vivo,8,128,4500,6.44,AMOLED,90,64,50,1,0,12,22990
Snapdragon,Samsung,1,512,5000,6.9,AMOLED,120,50,12,1,0,15,129999
Snapdragon,Samsung,6,128,5000,6.7,AMOLED,120,64,32,1,0,11,23749
MediaTek,iQOO,6,128,6000,6.74,LCD,90,50,5,1,0,15,10998
Snapdragon,realme,6,128,5000,6.72,LCD,120,108,16,1,0,13,18990
Snapdragon,POCO,8,128,5030,6.79,LCD,120,108,13,1,0,14,10799
Snapdragon,realme,1,512,5500,6.78,AMOLED,120,50,32,1,0,14,32999
MediaTek,vivo,8,128,4500,6.38,AMOLED,90,64,16,1,0,13,17990
Snapdragon,Galaxy,1,256,4400,7.6,AMOLED,120,50,4,1,0,13,102222
MediaTek,realme,6,128,5000,6.72,LCD,120,108,8,1,0,14,16999
Samsung,Samsung,8,128,4000,6.2,AMOLED,120,50,12,1,0,14,43840
MediaTek,Infinix,4,128,5000,6.78,LCD,120,108,16,1,0,13,14999
MediaTek,vivo,6,128,6000,6.74,LCD,90,50,5,1,0,15,11400
Snapdragon,Xiaomi,6,128,5000,6.67,AMOLED,120,108,16,1,0,11,20999
MediaTek,OnePlus,8,256,7100,6.77,AMOLED,120,50,16,1,0,15,26998
MediaTek,Infinix,1,256,4600,6.78,AMOLED,120,108,32,1,0,14,22900
MediaTek,Samsung,8,128,5000,6.7,AMOLED,90,50,13,1,0,14,13499
Snapdragon,Samsung,6,128,4500,6.5,AMOLED,120,5,32,1,0,11,30999
MediaTek,Xiaomi,6,128,5080,6.6,LCD,144,64,16,1,0,12,22999
MediaTek,OPPO,1,512,6200,6.83,LCD,120,50,50,1,0,15,54999
MediaTek,vivo,8,128,4500,6.78,AMOLED,120,50,32,1,0,12,43670
MediaTek,realme,6,128,5000,6.67,LCD,120,50,8,1,0,14,11999
Snapdragon,OnePlus,8,256,5500,6.7,AMOLED,120,50,16,1,0,14,24998
MediaTek,CMF,8,128,5000,6.67,AMOLED,120,50,16,1,0,14,15807
Snapdragon,Samsung,1,512,5000,6.8,AMOLED,120,50,12,1,0,14,99999
Snapdragon,OnePlus,1,512,5850,6.32,LCD,120,50,32,1,0,15,59998
Snapdragon,vivo,8,256,6000,6.77,AMOLED,120,50,50,1,0,15,36999
Samsung,Samsung,6,128,5000,6.7,AMOLED,120,50,13,1,0,15,20950
Snapdragon,Samsung,8,256,5000,6.7,AMOLED,120,50,12,1,0,15,30999
Snapdragon,vivo,8,256,5500,6.77,AMOLED,120,50,16,1,0,14,24290
Snapdragon,OPPO,8,256,5000,6.72,LCD,120,64,32,1,0,13,21899
MediaTek,Tecno,8,256,6000,6.78,AMOLED,144,64,13,1,0,15,19999
Snapdragon,Nothing,8,256,5000,6.77,AMOLED,120,50,50,1,0,15,30290
MediaTek,realme,4,128,5000,6.67,LCD,120,32,8,1,0,14,10790
Snapdragon,Motorola,1,256,5000,6.67,LCD,144,50,32,1,0,14,21780
Snapdragon,Samsung,8,256,4500,6.4,AMOLED,120,12,32,1,0,13,33999
Snapdragon,Samsung,1,256,4400,7.6,AMOLED,120,50,4,1,0,12,154999
MediaTek,Infinix,6,128,5500,6.78,AMOLED,144,64,13,1,0,15,14999
Snapdragon,Moto,6,128,5000,6.5,LCD,120,50,16,1,0,12,10999
MediaTek,realme,8,256,6000,6.67,AMOLED,120,50,16,1,0,15,17700
Snapdragon,iQOO,1,256,7300,6.77,AMOLED,120,50,32,1,0,15,25998
Snapdragon,OnePlus,8,256,5500,6.67,AMOLED,120,50,16,1,0,14,20996
Snapdragon,iQOO,1,512,7000,6.78,AMOLED,144,50,32,1,0,15,40998
MediaTek,POCO,8,256,5500,6.67,AMOLED,120,50,20,1,0,14,18999
MediaTek,realme,8,128,5000,6.67,LCD,120,50,16,1,0,14,13999
MediaTek,Tecno,8,128,5000,6.67,LCD,120,48,8,1,0,14,9699
Apple,Apple,8,256,3961,6.1,LCD,60,48,12,0,1,18,64900
MediaTek,OPPO,8,256,5800,6.67,LCD,120,50,8,1,0,15,19998
MediaTek,vivo,1,256,5500,6.78,AMOLED,120,50,50,1,0,14,31999
MediaTek,realme,6,128,6000,6.67,LCD,120,32,8,1,0,15,11498
MediaTek,OPPO,1,256,5000,6.7,AMOLED,120,50,50,1,0,14,32222
Snapdragon,Xiaomi,6,128,5160,6.88,LCD,120,50,8,1,0,14,11498
MediaTek,OPPO,8,256,5000,6.7,AMOLED,120,64,8,1,0,14,20749
Snapdragon,Motorola,1,512,4000,6.9,LCD,165,50,32,1,0,14,119000
Snapdragon,Xiaomi,8,256,6200,6.67,AMOLED,120,50,20,1,0,14,29999
MediaTek,Itel,6,128,5000,6.6,LCD,90,50,8,1,0,13,8909
MediaTek,OPPO,6,128,6000,6.67,LCD,120,50,8,1,0,15,13075
MediaTek,realme,1,256,5000,6.67,LCD,120,50,16,1,0,14,22774
Samsung,Samsung,1,256,5000,6.6,AMOLED,120,50,32,1,0,14,33999
MediaTek,vivo,8,128,4300,6.56,AMOLED,90,108,8,1,0,12,28995
Snapdragon,Samsung,8,256,5000,6.7,AMOLED,120,50,50,1,0,14,28999
MediaTek,vivo,8,256,5600,6.77,AMOLED,120,50,50,1,0,15,30999
Snapdragon,Samsung,8,128,3300,6.7,AMOLED,120,12,10,1,0,11,49999
Snapdragon,OnePlus,1,512,6000,6.82,AMOLED,120,50,32,1,0,15,76997
MediaTek,Moto,8,128,5000,6.5,LCD,120,50,16,1,0,13,12999
Snapdragon,iQOO,8,128,5160,6.78,AMOLED,144,50,16,1,0,14,31999
MediaTek,realme,6,128,4500,6.4,AMOLED,90,50,16,1,0,12,22499
Snapdragon,realme,1,256,5200,6.7,LCD,120,50,32,1,0,14,20981
MediaTek,Alcatel,6,128,5010,6.78,LCD,120,108,32,1,0,14,19999
MediaTek,realme,8,256,6000,6.83,AMOLED,120,50,16,1,0,15,27989
MediaTek,vivo,4,128,5000,6.56,LCD,90,50,8,1,0,14,12999
MediaTek,Xiaomi,6,128,5160,6.67,AMOLED,120,108,16,1,0,11,20900
MediaTek,Lava,4,128,5000,6.74,LCD,120,50,5,1,0,15,8499
MediaTek,vivo,1,512,6500,6.31,AMOLED,120,50,50,1,0,15,59999
Snapdragon,realme,8,128,4500,6.43,AMOLED,120,64,16,1,0,11,21998
Snapdragon,Xiaomi,6,128,5160,6.88,LCD,120,50,5,1,0,14,9799
MediaTek,Lava,8,256,5000,6.78,AMOLED,120,50,16,1,0,14,19999
Snapdragon,vivo,8,256,6500,6.68,LCD,120,50,8,1,0,15,18999
Snapdragon,realme,6,128,5000,6.62,AMOLED,120,64,16,1,0,12,21996
Snapdragon,OnePlus,8,256,5000,6.72,LCD,120,108,16,1,0,13,18499
Snapdragon,realme,8,256,5500,6.78,AMOLED,120,50,32,1,0,14,28990
MediaTek,POCO,1,512,5000,6.67,AMOLED,120,64,16,1,0,14,25980
Snapdragon,Samsung,1,256,5000,6.7,AMOLED,120,50,50,1,0,14,25498
Snapdragon,realme,1,256,5200,6.7,LCD,120,50,32,1,0,14,27299
MediaTek,Lava,8,128,5000,6.67,AMOLED,120,64,16,1,0,14,13999
Snapdragon,vivo,8,128,4500,6.38,AMOLED,90,64,16,1,0,13,17999
Snapdragon,OnePlus,1,256,6800,6.83,AMOLED,144,50,50,1,0,15,34999
MediaTek,Xiaomi,1,256,5000,6.67,AMOLED,120,200,16,1,0,13,25499
MediaTek,vivo,6,128,5500,6.68,LCD,120,50,8,1,0,14,15499
MediaTek,realme,1,256,7000,6.8,AMOLED,120,50,32,1,0,15,37998
MediaTek,Acer,8,128,5000,6.8,LCD,120,64,13,1,0,15,11999
Snapdragon,iQOO,4,64,5000,6.58,LCD,120,50,8,1,0,12,12999
Snapdragon,Samsung,1,1,5000,6.9,AMOLED,120,50,12,1,0,15,153999
MediaTek,vivo,1,512,5500,6.78,AMOLED,120,50,50,1,0,14,46990
Snapdragon,POCO,4,128,5160,6.88,LCD,120,50,5,1,0,14,9490
Snapdragon,Xiaomi,4,128,5160,6.88,LCD,120,50,5,1,0,14,8799
Snapdragon,Galaxy,8,256,3700,6.7,AMOLED,120,12,10,1,0,13,64999
MediaTek,OnePlus,1,256,7100,6.77,AMOLED,120,50,16,1,0,15,28999
MediaTek,Nothing,1,256,5000,6.7,AMOLED,120,50,50,1,0,14,24500
MediaTek,Samsung,8,256,5000,6.7,AMOLED,90,50,13,1,0,14,20499
MediaTek,Samsung,6,128,5000,6.7,AMOLED,90,50,13,1,0,14,12478
MediaTek,realme,8,128,5000,6.72,LCD,120,108,16,1,0,13,18999
Snapdragon,Asus,1,256,6000,6.78,AMOLED,144,64,24,1,0,11,39590
Snapdragon,Samsung,8,256,4500,6.6,AMOLED,120,50,10,1,0,12,34000
MediaTek,OPPO,1,512,6000,6.59,LCD,120,50,50,1,0,15,42999
Samsung,Samsung,6,128,6000,6.5,AMOLED,120,50,13,1,0,13,19999
MediaTek,Lava,8,256,4700,6.78,AMOLED,120,2,16,1,0,13,16387
MediaTek,Samsung,6,128,4050,6.6,LCD,60,50,5,1,0,14,27208
Snapdragon,Motorola,1,256,4500,6.7,LCD,144,50,50,1,0,14,28180
MediaTek,POCO,1,256,5000,6.67,AMOLED,120,108,16,1,0,13,15455
MediaTek,realme,4,128,5000,6.72,LCD,120,50,8,1,0,13,11999
Snapdragon,Samsung,1,256,5000,6.7,AMOLED,120,50,12,1,0,15,36999
MediaTek,realme,8,256,5000,6.72,LCD,120,50,16,1,0,14,16899
MediaTek,Samsung,6,128,5000,6.6,LCD,90,48,8,1,0,11,18999
MediaTek,iQOO,8,256,5500,6.77,AMOLED,120,50,16,1,0,14,20998
MediaTek,Tecno,8,256,6000,6.78,LCD,144,50,13,1,0,15,15999
Snapdragon,OnePlus,1,256,5500,6.78,LCD,120,50,16,1,0,14,42999
Snapdragon,Samsung,1,256,5000,6.7,AMOLED,120,50,50,1,0,14,26999
MediaTek,Samsung,6,128,5000,6.7,LCD,90,50,8,1,0,15,11499
Snapdragon,realme,1,256,6000,6.83,AMOLED,120,50,16,1,0,15,22999
Snapdragon,OnePlus,1,512,6800,6.83,AMOLED,144,50,50,1,0,15,37999
MediaTek,realme,8,128,6000,6.67,LCD,120,50,8,1,0,14,14999
MediaTek,OPPO,1,256,6000,6.7,AMOLED,120,50,16,1,0,15,31998
Snapdragon,OnePlus,1,512,5400,6.82,LCD,120,64,32,1,0,14,58728
Snapdragon,Samsung,1,512,4400,8,AMOLED,120,200,10,1,0,16,174999
MediaTek,Infinix,8,128,5500,6.67,LCD,120,50,8,1,0,15,12030
Snapdragon,realme,1,512,6000,6.83,LCD,120,50,32,1,0,15,37900
Samsung,Samsung,8,128,5000,6.7,AMOLED,120,50,13,1,0,15,18999
Samsung,Samsung,8,256,4000,6.7,AMOLED,120,50,10,1,0,16,89999
Snapdragon,POCO,6,128,5000,6.67,AMOLED,120,48,13,1,0,12,16990
MediaTek,realme,4,128,5000,6.72,LCD,120,50,8,1,0,13,12999
Snapdragon,iQOO,8,256,7000,6.78,AMOLED,144,50,32,1,0,15,33998
Snapdragon,realme,8,256,5200,6.7,AMOLED,120,50,32,1,0,14,23999
MediaTek,Samsung,6,128,5000,6.7,LCD,90,50,8,1,0,15,12999
MediaTek,Xiaomi,4,64,5000,6.5,LCD,90,48,8,1,0,11,14499
Snapdragon,Samsung,8,128,3700,6.7,AMOLED,120,12,10,1,0,12,89999
MediaTek,realme,8,128,6000,6.72,LCD,120,50,8,1,0,15,13998
Snapdragon,OnePlus,8,256,5500,6.78,LCD,120,50,16,1,0,14,40999
MediaTek,Tecno,8,256,5000,6.67,LCD,120,108,8,1,0,14,13999
Snapdragon,iQOO,1,256,7000,6.78,AMOLED,144,50,32,1,0,15,35998
Snapdragon,Moto,8,128,5000,6.5,LCD,120,50,16,1,0,14,11999
MediaTek,Infinix,8,128,5000,6.7,LCD,120,48,8,1,0,14,10487
MediaTek,Infinix,1,256,5000,6.78,AMOLED,144,108,50,1,0,13,17790
MediaTek,realme,4,128,6000,6.67,LCD,120,32,8,1,0,15,11133
Snapdragon,Motorola,6,128,4020,6.5,LCD,144,50,32,1,0,12,24990
Snapdragon,POCO,1,256,5000,6.67,AMOLED,120,64,16,1,0,13,22999
Snapdragon,realme,8,256,5200,6.7,LCD,120,50,32,1,0,14,21937
Snapdragon,Samsung,1,512,3900,6.7,AMOLED,120,200,12,1,0,15,121999
Samsung,Samsung,8,256,5000,6.7,AMOLED,120,50,13,1,0,15,21999
MediaTek,vivo,8,256,5500,6.77,AMOLED,120,50,50,1,0,14,28999
Apple,Apple,8,256,4674,6.7,LCD,60,48,12,0,1,18,92900
Snapdragon,realme,8,256,6000,6.83,LCD,120,50,32,1,0,15,31999
MediaTek,Xiaomi,4,64,5000,6.58,LCD,90,50,8,1,0,12,9999
MediaTek,Xiaomi,8,256,5000,6.67,AMOLED,120,108,16,1,0,13,20999
MediaTek,OPPO,8,256,5100,6.67,LCD,120,32,8,1,0,14,16899
MediaTek,Xiaomi,8,128,5160,6.67,AMOLED,120,108,16,1,0,11,18990
MediaTek,realme,4,64,5000,6.5,LCD,90,48,16,1,0,11,17960
Samsung,Samsung,8,256,5000,6.4,AMOLED,120,50,32,1,0,13,28905
Snapdragon,POCO,8,128,4500,6.67,AMOLED,120,64,20,1,0,12,17990
Snapdragon,iQOO,8,128,4350,6.56,AMOLED,120,48,16,1,0,12,42990
Google,Google,1,512,5060,6.8,LCD,120,50,42,1,0,14,119999
MediaTek,OPPO,8,128,6000,6.67,LCD,120,50,8,1,0,15,16999
MediaTek,OPPO,1,512,5800,6.83,AMOLED,120,50,50,1,0,15,54999
Snapdragon,realme,1,256,5500,6.78,AMOLED,120,50,32,1,0,14,28999
MediaTek,vivo,4,128,5500,6.74,LCD,90,13,5,1,0,15,11499
MediaTek,Xiaomi,8,256,5500,6.67,AMOLED,120,50,20,1,0,14,24999
MediaTek,realme,1,256,6000,6.83,AMOLED,120,50,16,1,0,15,26999
Snapdragon,POCO,1,512,5000,6.67,AMOLED,120,50,20,1,0,14,33999
Snapdragon,Nothing,8,256,4500,6.55,LCD,120,50,16,1,0,12,22999
MediaTek,Tecno,4,64,5000,6.6,LCD,90,50,8,1,0,13,8499
Snapdragon,Samsung,1,512,5000,6.8,AMOLED,120,10,12,1,0,13,134999
Snapdragon,Samsung,1,512,4000,6.2,AMOLED,120,50,12,1,0,15,92999
MediaTek,Xiaomi,1,512,5000,6.67,AMOLED,120,200,16,1,0,13,28999
MediaTek,realme,8,128,4500,6.55,AMOLED,120,2,32,1,0,10,29999
Snapdragon,realme,1,512,5200,6.7,AMOLED,120,50,32,1,0,14,26999
MediaTek,vivo,6,128,5000,6.56,LCD,90,50,8,1,0,14,11499
MediaTek,Itel,4,128,5000,6.67,LCD,120,50,8,1,0,14,10299
Snapdragon,Xiaomi,8,128,4520,6.67,AMOLED,120,108,20,1,0,11,34999
MediaTek,Itel,4,64,5000,6.6,LCD,90,50,8,1,0,13,8690
Snapdragon,Samsung,1,1,5000,6.8,AMOLED,120,50,12,1,0,14,159999
Snapdragon,Samsung,1,256,4400,7.6,AMOLED,120,12,4,1,0,11,149999
Snapdragon,Motorola,8,128,4400,6.55,LCD,144,50,32,1,0,12,39999
MediaTek,Lava,6,128,5000,6.56,LCD,90,50,8,1,0,14,10999
MediaTek,realme,8,128,6000,6.72,LCD,120,50,8,1,0,15,13760
MediaTek,vivo,6,128,5500,6.74,LCD,90,13,5,1,0,15,12999
MediaTek,POCO,4,64,5000,6.58,LCD,90,50,8,1,0,12,12999
MediaTek,Samsung,8,128,6000,6.5,AMOLED,90,50,13,1,0,14,15899
Snapdragon,Motorola,8,128,4000,6.7,LCD,144,108,32,1,0,11,23287
MediaTek,Xiaomi,8,128,5110,6.67,AMOLED,120,50,20,1,0,14,17999
MediaTek,realme,8,256,5000,6.67,AMOLED,120,50,16,1,0,14,15999
Snapdragon,Xiaomi,4,128,5160,6.88,LCD,120,50,8,1,0,14,10498
MediaTek,OPPO,8,256,5600,6.59,AMOLED,120,50,50,1,0,15,37999
MediaTek,Acer,6,128,5000,6.8,LCD,120,64,13,1,0,15,10999
MediaTek,Nothing,8,256,5000,6.7,AMOLED,120,50,32,1,0,14,23480
Samsung,Samsung,8,256,5000,6.5,AMOLED,120,50,13,1,0,14,20155
Snapdragon,Moto,8,128,5000,6.5,LCD,120,50,16,1,0,12,11999
Snapdragon,realme,8,256,5000,6.7,LCD,120,50,16,1,0,14,16999
MediaTek,iQOO,8,256,5000,6.67,AMOLED,120,50,16,1,0,14,20499
MediaTek,OPPO,8,256,6000,6.7,AMOLED,120,50,16,1,0,15,29998
Snapdragon,OPPO,8,256,6500,6.7,AMOLED,120,50,16,1,0,15,25998
Snapdragon,realme,1,256,5000,6.7,AMOLED,120,50,32,1,0,12,29499
Snapdragon,vivo,6,128,6000,6.72,LCD,120,50,8,1,0,14,13999
Snapdragon,Xiaomi,6,128,5000,6.67,LCD,144,64,20,1,0,10,19990
Samsung,Samsung,1,512,4300,6.9,AMOLED,120,50,10,1,0,16,109999
MediaTek,Tecno,8,256,5000,6.78,LCD,120,108,8,1,0,14,18999
MediaTek,vivo,1,512,5800,6.67,AMOLED,120,50,32,1,0,15,71999
MediaTek,OPPO,8,256,5100,6.67,LCD,120,50,8,1,0,14,18999
Snapdragon,HMD,1,256,4600,6.55,LCD,144,108,50,1,0,14,35999
Samsung,Samsung,1,512,4900,6.7,AMOLED,120,50,12,1,0,14,109999
MediaTek,realme,1,512,7000,6.8,AMOLED,120,50,32,1,0,15,41998
MediaTek,realme,8,256,5000,6.7,AMOLED,120,50,16,1,0,12,22790
Snapdragon,iQOO,1,256,5160,6.78,AMOLED,144,50,16,1,0,14,35999
MediaTek,realme,6,128,5000,6.5,LCD,90,64,16,1,0,11,17999
MediaTek,Lava,6,128,5000,6.67,AMOLED,120,64,16,1,0,14,17999
MediaTek,Xiaomi,1,256,5000,6.67,AMOLED,120,108,16,1,0,13,17499
Samsung,Samsung,8,256,4500,6.4,AMOLED,120,50,10,1,0,13,45999
Snapdragon,Xiaomi,8,256,5000,6.67,AMOLED,120,108,16,1,0,11,29999
MediaTek,realme,1,256,4500,6.7,AMOLED,120,50,16,1,0,12,29490
MediaTek,Infinix,4,128,6000,6.78,LCD,120,50,8,1,0,13,12999
Apple,Apple,8,512,3961,6.1,LCD,60,48,12,0,1,18,80999
MediaTek,realme,8,256,6000,6.7,LCD,120,50,16,1,0,15,21498
Snapdragon,Samsung,1,512,4900,6.7,AMOLED,120,50,12,1,0,15,111999
MediaTek,realme,1,256,7000,6.78,AMOLED,120,50,32,1,0,15,42998
Samsung,Samsung,8,128,5000,6.6,LCD,90,50,13,1,0,13,17999
Apple,Apple,8,256,3582,6.3,LCD,120,48,12,0,1,18,121900
MediaTek,Tecno,1,512,5000,6.78,AMOLED,120,50,50,1,0,14,23999
Snapdragon,vivo,8,256,5000,6.78,AMOLED,120,64,50,1,0,13,26144
Snapdragon,POCO,6,128,5000,6.67,AMOLED,120,64,16,1,0,11,15990
MediaTek,Alcatel,4,128,5200,6.67,LCD,120,50,8,1,0,15,12999
MediaTek,Motorola,1,256,5000,6.55,LCD,144,50,32,1,0,13,24999
MediaTek,Lava,8,256,5000,6.67,AMOLED,120,64,32,1,0,13,21990
MediaTek,realme,1,256,6000,6.7,LCD,120,50,16,1,0,15,23498
Snapdragon,Samsung,8,256,5000,6.7,AMOLED,120,50,50,1,0,14,22790
Snapdragon,Xiaomi,8,256,5000,6.79,LCD,90,50,8,1,0,13,14499
MediaTek,realme,1,512,7000,6.78,AMOLED,120,50,32,1,0,15,46998
MediaTek,OnePlus,1,256,5000,6.74,AMOLED,120,50,16,1,0,13,37399
Apple,Apple,6,256,4383,6.7,LCD,60,48,12,0,1,17,82900
Snapdragon,iQOO,8,128,6000,6.72,LCD,120,50,8,1,0,14,14999
MediaTek,vivo,1,256,4810,6.78,AMOLED,120,50,32,1,0,13,48778
MediaTek,vivo,6,128,5000,6.58,LCD,60,50,8,1,0,13,12999
Snapdragon,Xiaomi,8,256,5000,6.67,AMOLED,120,48,13,1,0,12,16999
MediaTek,Samsung,8,256,5000,6.5,AMOLED,90,50,13,1,0,14,21995
MediaTek,Tecno,8,512,5000,6.67,AMOLED,120,108,32,1,0,13,25999
MediaTek,Samsung,8,128,5000,6.6,LCD,90,48,8,1,0,11,20999
MediaTek,vivo,1,256,4300,6.56,AMOLED,90,108,8,1,0,12,39999
Snapdragon,vivo,8,256,4800,6.67,AMOLED,120,64,16,1,0,13,19970
Google,Google,1,256,5050,6.7,LCD,120,50,10.5,1,0,14,64999
Snapdragon,vivo,8,256,5500,6.78,AMOLED,120,50,50,1,0,14,34999
Snapdragon,Xiaomi,1,256,4600,6.73,AMOLED,120,50,32,1,0,12,37299
Snapdragon,Samsung,8,128,5000,6.7,AMOLED,120,64,32,1,0,11,25749
MediaTek,OPPO,8,256,5000,6.7,AMOLED,120,64,32,1,0,14,24999
Samsung,Samsung,8,128,5000,6.5,AMOLED,120,5,32,1,0,12,35999
Snapdragon,Motorola,8,256,4200,6.9,LCD,144,64,32,1,0,13,41990
Snapdragon,Samsung,1,512,4400,7.6,AMOLED,120,50,4,1,0,12,94990
Snapdragon,vivo,8,128,5000,6.67,AMOLED,120,50,16,1,0,14,19999
MediaTek,realme,4,64,5000,6.6,LCD,90,48,8,1,0,12,15499
Snapdragon,Moto,4,64,5000,6.8,LCD,120,50,13,1,0,11,13999
Apple,Apple,8,256,3561,6.1,LCD,60,48,12,0,1,18,82900
Snapdragon,realme,8,128,4200,6.44,AMOLED,90,2,8,1,0,10,22990
MediaTek,Samsung,8,128,5000,6.7,AMOLED,120,2,32,1,0,12,25499
Snapdragon,vivo,8,256,4500,6.38,AMOLED,90,64,16,1,0,13,16785
Snapdragon,Samsung,6,128,5000,6.6,LCD,120,50,8,1,0,12,15990
MediaTek,realme,8,128,5000,6.67,AMOLED,120,50,16,1,0,14,14999
MediaTek,Lava,6,128,5000,6.56,LCD,90,50,8,1,0,13,9169
MediaTek,POCO,6,128,5000,6.58,LCD,90,50,8,1,0,12,9990
MediaTek,Nothing,1,256,5000,6.7,AMOLED,120,50,32,1,0,14,26990
Snapdragon,Galaxy,8,512,3700,6.7,AMOLED,120,12,10,1,0,13,62900
MediaTek,Samsung,8,128,5000,6.6,AMOLED,120,48,13,1,0,13,23990
Snapdragon,Samsung,1,512,4400,7.6,AMOLED,120,12,4,1,0,11,84880
MediaTek,iQOO,6,128,5000,6.56,LCD,90,50,8,1,0,14,11499
Apple,Apple,8,512,4674,6.7,LCD,60,48,12,0,1,18,107900
MediaTek,vivo,1,512,5000,6.78,AMOLED,120,50,50,1,0,14,39899
Snapdragon,Nothing,1,256,4500,6.55,LCD,120,50,16,1,0,12,29999
MediaTek,iQOO,1,256,5500,6.77,AMOLED,120,50,16,1,0,14,27987
MediaTek,Tecno,8,128,5000,6.6,LCD,90,50,8,1,0,13,10999
MediaTek,vivo,1,256,4600,6.78,AMOLED,120,50,50,1,0,13,38699
Snapdragon,realme,8,128,5000,6.72,LCD,120,108,16,1,0,13,20499
MediaTek,OPPO,4,128,5100,6.67,LCD,120,8,5,1,0,14,12499
Snapdragon,Samsung,8,256,3900,6.1,AMOLED,120,50,12,1,0,13,79999
Snapdragon,vivo,8,256,5000,6.78,AMOLED,120,50,50,1,0,14,32999
Snapdragon,realme,8,256,5000,6.7,AMOLED,120,50,16,1,0,14,20999
MediaTek,realme,8,128,5000,6.5,LCD,90,64,16,1,0,11,17499
Snapdragon,Samsung,1,512,4000,6.7,AMOLED,120,50,10,1,0,14,77220
MediaTek,Tecno,4,128,5000,6.67,LCD,120,48,8,1,0,14,8599
Snapdragon,vivo,1,512,5500,6.78,AMOLED,120,50,50,1,0,14,42999
Snapdragon,Xiaomi,8,256,5100,6.67,AMOLED,120,200,16,1,0,13,23795
MediaTek,Xiaomi,8,256,5000,6.74,LCD,90,50,5,1,0,13,14499
Snapdragon,POCO,8,128,5000,6.67,AMOLED,120,64,16,1,0,11,15990
Snapdragon,vivo,1,256,5000,6.78,AMOLED,120,50,50,1,0,14,32990
MediaTek,vivo,1,256,4500,6.44,AMOLED,90,64,50,1,0,12,28499
Snapdragon,Moto,8,128,5000,6.6,LCD,120,50,16,1,0,12,25999
Snapdragon,Samsung,1,1,5000,6.8,AMOLED,120,10,40,1,0,12,134999
Snapdragon,POCO,1,512,5100,6.67,AMOLED,120,64,16,1,0,13,24999
MediaTek,Samsung,6,128,5000,6.6,LCD,90,64,8,1,0,11,14999
Apple,Apple,8,1,3582,6.3,LCD,120,48,12,0,1,18,161900
MediaTek,Infinix,8,128,6000,6.78,LCD,120,50,8,1,0,13,11999
Snapdragon,POCO,8,256,5000,6.67,AMOLED,120,108,16,1,0,12,19349
MediaTek,realme,4,64,5000,6.6,LCD,90,50,8,1,0,12,14999
Snapdragon,Samsung,8,256,3700,6.7,AMOLED,120,12,10,1,0,12,63490
Snapdragon,vivo,8,128,4700,6.44,AMOLED,90,64,16,1,0,12,21999
MediaTek,Tecno,8,128,5000,6.67,LCD,120,48,8,1,0,14,12999
MediaTek,OPPO,8,256,5000,6.7,AMOLED,120,50,32,1,0,14,27994
MediaTek,OPPO,6,128,5000,6.56,LCD,90,13,8,1,0,13,16390
Snapdragon,realme,1,256,6000,6.83,LCD,120,50,32,1,0,15,34999
MediaTek,Xiaomi,1,256,4980,6.67,AMOLED,120,200,16,1,0,12,36999
Snapdragon,realme,8,128,5000,6.62,AMOLED,120,64,16,1,0,12,24999
Snapdragon,iQOO,8,128,4700,6.44,AMOLED,90,64,16,1,0,12,24999
Snapdragon,realme,8,128,4300,6.43,AMOLED,120,64,32,1,0,11,24990
Snapdragon,vivo,8,128,4500,6.38,AMOLED,90,64,16,1,0,13,17999
Apple,Apple,6,512,4325,6.7,LCD,60,12,12,0,1,16,99900
MediaTek,Xiaomi,6,128,5000,6.6,LCD,90,50,16,1,0,11,17999
MediaTek,realme,8,128,5000,6.67,LCD,120,50,8,1,0,14,12999
Samsung,Samsung,8,256,6000,6.5,AMOLED,120,50,13,1,0,13,18999
MediaTek,Alcatel,8,256,5200,6.67,LCD,120,50,8,1,0,15,17999
Apple,Apple,8,512,3561,6.1,LCD,60,48,12,0,1,18,99900
Snapdragon,realme,8,256,5000,6.7,AMOLED,120,64,32,1,0,14,26999
Snapdragon,Samsung,1,1,5000,6.8,AMOLED,120,10,12,1,0,13,154999
Snapdragon,OnePlus,1,256,4500,6.55,AMOLED,120,2,16,1,0,11,27292
MediaTek,Alcatel,8,128,5010,6.78,LCD,120,108,32,1,0,14,21999
Apple,Apple,8,512,4685,6.9,LCD,120,48,12,0,1,18,154900
MediaTek,realme,8,128,5000,6.72,LCD,120,50,8,1,0,14,12999
MediaTek,Samsung,6,128,5000,6.5,LCD,90,50,5,1,0,12,13999
MediaTek,realme,6,128,5000,6.67,LCD,120,32,8,1,0,14,10999
Samsung,Samsung,8,128,6000,6.5,AMOLED,120,50,13,1,0,13,21999
MediaTek,Samsung,4,128,5000,6.7,LCD,90,50,8,1,0,15,11499
Snapdragon,Xiaomi,8,256,4520,6.67,AMOLED,120,108,20,1,0,11,34999
MediaTek,realme,8,256,5000,6.7,AMOLED,120,100,16,1,0,13,24999
MediaTek,realme,8,128,5000,6.67,LCD,120,32,8,1,0,14,12499
MediaTek,vivo,4,128,5000,6.56,LCD,90,13,5,1,0,14,13990
MediaTek,POCO,6,128,5000,6.74,LCD,90,50,5,1,0,13,11490
MediaTek,realme,6,128,5000,6.72,LCD,120,50,8,1,0,13,14959
Apple,Apple,6,512,3349,6.1,LCD,60,48,12,0,1,17,82900
Apple,Apple,8,1,3274,6.1,LCD,120,48,12,0,1,17,159899
Snapdragon,Galaxy,1,512,4400,7.6,AMOLED,120,50,4,1,0,13,109999
MediaTek,Itel,4,128,5000,6.6,LCD,90,50,8,1,0,13,8399
Snapdragon,Xiaomi,6,128,5000,6.67,AMOLED,120,48,13,1,0,12,14999
Apple,Apple,6,512,3279,6.1,LCD,60,12,12,0,1,16,82990
Samsung,Samsung,8,128,6000,6.6,LCD,120,2,8,1,0,12,19999
Apple,Apple,8,512,3582,6.3,LCD,120,48,12,0,1,18,140900
MediaTek,OPPO,8,256,5000,6.67,LCD,120,50,32,1,0,14,21998
MediaTek,vivo,6,128,5000,6.56,LCD,90,50,8,1,0,14,14499
MediaTek,Samsung,6,128,5000,6.5,AMOLED,90,50,13,1,0,14,17999
Snapdragon,Xiaomi,6,128,5000,6.79,LCD,90,50,8,1,0,13,12999
Snapdragon,Samsung,8,256,3300,6.7,AMOLED,120,12,10,1,0,11,84999
MediaTek,realme,6,128,5000,6.67,LCD,120,50,8,1,0,14,12499
MediaTek,Xiaomi,8,256,5000,6.67,AMOLED,120,50,16,1,0,12,31999
MediaTek,realme,6,128,5000,6.72,LCD,120,50,8,1,0,14,12499
MediaTek,realme,8,128,5000,6.72,LCD,120,50,8,1,0,14,13499
Snapdragon,POCO,6,128,5000,6.79,LCD,90,50,8,1,0,13,11999
MediaTek,realme,8,256,6000,6.77,LCD,120,50,16,1,0,15,25999
Snapdragon,iQOO,6,128,5000,6.58,LCD,120,50,8,1,0,12,12990
MediaTek,vivo,1,256,4830,6.56,AMOLED,120,64,32,1,0,12,37499
MediaTek,Xiaomi,8,128,5000,6.6,LCD,90,50,16,1,0,11,16999
MediaTek,Samsung,8,128,5000,6.6,LCD,90,64,8,1,0,11,21999
MediaTek,realme,8,256,5000,6.67,LCD,120,50,16,1,0,14,24999
MediaTek,Samsung,6,128,6000,6.5,AMOLED,90,50,13,1,0,14,15999
MediaTek,realme,8,256,5000,6.67,AMOLED,120,50,16,1,0,14,21999
MediaTek,realme,8,128,5000,6.72,LCD,120,108,8,1,0,14,17999
Snapdragon,POCO,4,128,5000,6.79,LCD,90,50,8,1,0,13,11999
Snapdragon,POCO,8,256,5000,6.67,AMOLED,120,48,13,1,0,12,18999
Apple,Apple,6,256,3279,6.1,LCD,60,12,12,0,1,16,64900
Samsung,Samsung,8,128,5000,6.4,AMOLED,90,2,13,1,0,12,28500
MediaTek,vivo,8,256,5500,6.68,LCD,120,50,8,1,0,14,18999
Snapdragon,realme,1,256,5000,6.7,AMOLED,120,50,16,1,0,14,22999
Snapdragon,POCO,1,256,5100,6.67,AMOLED,120,64,16,1,0,13,23999
MediaTek,vivo,8,128,5000,6.56,LCD,90,50,8,1,0,13,15595
Snapdragon,Samsung,8,128,5000,6.6,LCD,120,2,8,1,0,13,17999
Snapdragon,Xiaomi,8,128,5000,6.67,AMOLED,120,108,16,1,0,11,22999
MediaTek,Xiaomi,6,128,5000,6.5,LCD,90,48,8,1,0,11,11999
MediaTek,Lava,8,128,5000,6.67,AMOLED,120,64,16,1,0,14,16999
MediaTek,POCO,4,64,5000,6.74,LCD,90,50,5,1,0,13,7999
MediaTek,Alcatel,6,128,5200,6.67,LCD,120,50,8,1,0,15,14999
MediaTek,realme,1,256,5000,6.7,AMOLED,120,100,16,1,0,13,27999
MediaTek,Samsung,8,128,5000,6.5,LCD,60,2,13,1,0,11,21999
Samsung,Samsung,4,128,5000,6.6,LCD,90,50,13,1,0,13,13999
MediaTek,Xiaomi,6,128,5000,6.74,LCD,90,50,5,1,0,13,12499
Apple,Apple,6,512,4383,6.7,LCD,60,48,12,0,1,17,104900
Samsung,Samsung,8,128,6000,6.5,AMOLED,120,50,13,1,0,13,22990
MediaTek,realme,8,128,5000,6.7,AMOLED,120,108,16,1,0,13,25999
MediaTek,Lava,8,128,5000,6.67,AMOLED,120,64,16,1,0,14,17999
MediaTek,Tecno,4,128,5000,6.67,LCD,120,48,8,1,0,14,10499
Snapdragon,OnePlus,8,128,5500,6.74,AMOLED,120,50,16,1,0,14,23891
MediaTek,realme,6,128,5000,6.67,LCD,120,50,16,1,0,14,13700
Snapdragon,OnePlus,6,128,4500,6.43,AMOLED,90,64,16,1,0,11,20999
Snapdragon,iQOO,8,128,5500,6.77,AMOLED,120,50,16,1,0,14,22999
Snapdragon,OnePlus,8,128,5000,6.72,LCD,120,108,16,1,0,13,14340
Snapdragon,Nothing,8,128,4700,6.7,AMOLED,120,50,32,1,0,13,30999
Snapdragon,OnePlus,8,128,4115,6.44,AMOLED,90,2,8,1,0,10,24790
Apple,Apple,8,128,3274,6.1,LCD,120,48,12,0,1,17,90999
Snapdragon,Nothing,8,128,4500,6.55,LCD,120,50,16,1,0,12,20999
MediaTek,OPPO,6,128,5100,6.67,LCD,120,50,5,1,0,14,13999
Snapdragon,Samsung,8,128,4500,6.5,AMOLED,120,12,32,1,0,11,26899
MediaTek,OnePlus,8,128,4500,6.43,AMOLED,90,50,32,1,0,12,24499
MediaTek,vivo,8,128,4600,6.78,AMOLED,120,64,16,1,0,13,21500
Snapdragon,Xiaomi,4,128,5000,6.79,LCD,90,50,8,1,0,13,11998
Snapdragon,OnePlus,6,128,5000,6.59,LCD,120,64,16,1,0,12,14999
Snapdragon,realme,8,128,5000,6.7,LCD,120,50,16,1,0,14,15999
MediaTek,OPPO,8,256,5000,6.7,AMOLED,120,64,32,1,0,13,27800
Google,Google,8,128,4575,6.2,LCD,120,50,10.5,1,0,14,44999
MediaTek,Samsung,6,128,5000,6.6,AMOLED,120,48,13,1,0,13,20799
MediaTek,realme,4,128,5000,6.72,LCD,120,50,8,1,0,14,10000
MediaTek,Moto,8,128,6000,6.5,LCD,120,50,16,1,0,13,14999
Apple,Apple,6,128,3200,6.1,LCD,120,48,12,0,1,16,119900
MediaTek,realme,4,128,5000,6.72,LCD,120,50,8,1,0,14,11999
MediaTek,OnePlus,6,128,4500,6.43,AMOLED,90,50,32,1,0,11,25999
Apple,Apple,6,128,3095,6.1,LCD,120,12,12,0,1,15,119900
Snapdragon,realme,8,128,5000,6.7,AMOLED,120,50,32,1,0,12,21999
MediaTek,realme,4,64,5000,6.67,LCD,120,50,8,1,0,14,10499
Snapdragon,OnePlus,8,128,4500,6.7,AMOLED,120,2,16,1,0,11,42999
Samsung,Samsung,1,256,4500,6.9,AMOLED,120,108,10,1,0,10,99900
Snapdragon,POCO,1,512,7550,6.83,AMOLED,120,50,20,1,0,15,33999
Snapdragon,Honor,8,256,5000,6.7,AMOLED,120,200,50,1,0,13,24999
MediaTek,OnePlus,6,128,4500,6.43,AMOLED,90,64,16,1,0,11,18990
Snapdragon,iQOO,1,512,5000,6.78,AMOLED,144,64,16,1,0,14,49990
MediaTek,iQOO,8,128,4600,6.78,AMOLED,120,64,16,1,0,13,20550
Snapdragon,vivo,1,512,5700,8.03,AMOLED,120,64,32,1,0,14,159999
Samsung,Samsung,1,256,5000,6.8,AMOLED,120,12,40,1,0,11,128999
Snapdragon,iQOO,8,128,4700,6.62,AMOLED,120,64,16,1,0,12,27999
Apple,Apple,6,128,4323,6.7,LCD,120,48,12,0,1,16,134900
MediaTek,OPPO,8,128,4500,6.4,AMOLED,90,50,32,1,0,12,26999
MediaTek,realme,1,1,5000,6.7,AMOLED,120,100,16,1,0,13,23488
Apple,Apple,6,128,5000,6.1,LCD,120,,,0,1,14,109900
Snapdragon,iQOO,6,128,4500,6.38,AMOLED,90,64,16,1,0,13,14918
Snapdragon,Nokia,8,256,5000,6.56,LCD,90,50,8,1,0,13,16198
MediaTek,vivo,8,128,4600,6.78,AMOLED,120,50,50,1,0,13,30899
Apple,Apple,6,128,4352,6.7,LCD,120,12,12,0,1,15,129900
MediaTek,realme,6,128,5000,6.7,AMOLED,120,108,16,1,0,13,24999
MediaTek,vivo,8,128,4200,6.44,AMOLED,90,64,8,1,0,12,29900
Apple,Apple,6,128,3687,6.7,LCD,60,12,12,0,1,14,119900
MediaTek,Infinix,8,256,5000,6.67,AMOLED,120,108,32,1,0,13,20999
Snapdragon,Xiaomi,1,512,5000,6.73,AMOLED,120,50,32,1,0,14,99999
Snapdragon,Motorola,8,128,4610,6.67,LCD,144,200,60,1,0,12,34999
Snapdragon,OnePlus,8,128,4500,6.55,AMOLED,120,50,16,1,0,11,35333
MediaTek,iQOO,8,128,5000,6.78,AMOLED,120,64,16,1,0,13,27899
Snapdragon,HMD,8,256,5000,6.56,LCD,90,108,50,1,0,14,18999
Apple,Apple,4,128,2406,5.4,LCD,60,12,12,0,1,15,49900
Apple,Apple,4,64,2227,5.4,LCD,60,12,12,0,1,14,49999
Snapdragon,Xiaomi,6,128,4520,6.67,AMOLED,120,48,20,1,0,11,18999
MediaTek,OPPO,8,128,4310,6.43,AMOLED,60,2,16,1,0,11,16990
MediaTek,vivo,4,64,5000,6.56,LCD,90,13,5,1,0,14,11420
MediaTek,Samsung,6,128,5000,6.7,AMOLED,120,2,32,1,0,12,17934
Snapdragon,Xiaomi,1,256,5100,6.67,AMOLED,120,200,16,1,0,13,22499
Snapdragon,vivo,4,128,5000,6.58,LCD,120,50,16,1,0,12,15990
Snapdragon,Moto,1,256,5000,6.55,LCD,120,50,16,1,0,13,18999
Samsung,Samsung,8,128,4800,6.7,AMOLED,120,64,10,1,0,11,63999
Snapdragon,POCO,6,128,5000,6.67,AMOLED,120,108,16,1,0,12,17349
Snapdragon,POCO,6,128,4500,6.67,AMOLED,120,64,20,1,0,12,15730
Snapdragon,OnePlus,8,128,4510,6.78,AMOLED,120,5,16,1,0,10,39990
Snapdragon,POCO,6,64,5000,6.67,AMOLED,120,64,16,1,0,11,18999
Snapdragon,OnePlus,8,128,4800,6.7,AMOLED,120,50,16,1,0,12,33990
Snapdragon,vivo,8,128,4300,6.56,AMOLED,120,48,32,1,0,11,34990
MediaTek,realme,8,128,5000,6.43,AMOLED,90,64,16,1,0,13,14123
Snapdragon,Nokia,6,128,5000,6.56,LCD,90,50,8,1,0,13,14249
Samsung,Samsung,6,128,6000,6.6,LCD,120,2,8,1,0,12,15659
MediaTek,Itel,4,128,5000,6.67,LCD,120,50,8,1,0,14,12990
Snapdragon,OnePlus,6,128,4300,6.55,AMOLED,90,48,16,1,0,10,33000
MediaTek,realme,6,128,5000,6.72,LCD,120,64,8,1,0,13,14999
Snapdragon,Motorola,8,128,4500,6.7,LCD,144,108,32,1,0,11,17999
Snapdragon,iQOO,8,256,5000,6.78,AMOLED,144,50,16,1,0,13,54990
MediaTek,Infinix,1,512,5000,6.78,AMOLED,144,108,50,1,0,14,28999
Snapdragon,OnePlus,8,128,4500,6.62,AMOLED,120,50,16,1,0,11,34999
Snapdragon,iQOO,8,128,4400,6.62,AMOLED,120,48,16,1,0,11,22990
Snapdragon,OnePlus,1,512,4805,7.82,AMOLED,120,64,32,1,0,13,125000
Snapdragon,Xiaomi,6,128,4250,6.55,AMOLED,90,64,20,1,0,11,19990
MediaTek,Tecno,8,256,4000,6.9,AMOLED,120,64,32,1,0,13,24999
MediaTek,vivo,8,128,4050,6.44,AMOLED,60,50,44,1,0,12,21777
Snapdragon,OPPO,8,128,4500,6.43,AMOLED,60,64,16,1,0,12,22798
MediaTek,OPPO,1,256,6000,6.59,LCD,120,50,50,1,0,15,39999
MediaTek,realme,8,128,4500,6.43,AMOLED,120,64,16,1,0,11,23999
Samsung,Samsung,8,128,4000,6.7,AMOLED,120,50,10,1,0,16,89999
Snapdragon,Motorola,8,128,4800,6.7,LCD,144,50,60,1,0,12,34999
Snapdragon,iQOO,4,128,5000,6.58,LCD,120,50,16,1,0,12,15199
Snapdragon,OnePlus,1,256,5000,6.74,AMOLED,120,50,16,1,0,13,18000
MediaTek,Infinix,8,256,4500,6.8,AMOLED,120,200,32,1,0,12,36999
MediaTek,Tecno,1,256,6000,6.78,AMOLED,120,108,32,1,0,14,19380
Snapdragon,realme,6,128,5000,6.6,LCD,120,64,16,1,0,12,18809
Snapdragon,realme,6,128,5000,6.6,LCD,144,48,16,1,0,11,15999
Snapdragon,OnePlus,1,256,5500,6.74,AMOLED,120,50,16,1,0,14,30541
Snapdragon,iQOO,8,128,4500,6.62,AMOLED,120,48,16,1,0,12,30990
Snapdragon,iQOO,6,128,4400,6.58,LCD,120,64,16,1,0,11,22990
Snapdragon,vivo,1,256,4500,6.78,AMOLED,120,8,32,1,0,11,53980
MediaTek,vivo,8,128,4000,6.44,AMOLED,60,64,32,1,0,11,20831
Snapdragon,iQOO,8,128,5000,6.67,LCD,120,64,16,1,0,11,29990
Snapdragon,OPPO,8,128,4500,6.43,AMOLED,60,64,16,1,0,12,17999
MediaTek,Lava,4,128,5000,6.67,AMOLED,120,64,16,1,0,14,16999
MediaTek,Motorola,8,256,4200,6.9,LCD,120,50,32,1,0,14,49999
MediaTek,Tecno,8,128,5000,6.78,LCD,120,108,8,1,0,14,16399
MediaTek,realme,8,128,5000,6.7,AMOLED,120,100,16,1,0,13,21225
Snapdragon,vivo,8,256,4315,6.56,AMOLED,90,8,32,1,0,10,54990
Apple,Apple,8,256,3274,6.1,LCD,120,48,12,0,1,17,94999
Snapdragon,vivo,8,128,4000,6.44,AMOLED,60,64,8,1,0,10,27980
Snapdragon,LG,8,128,4000,6.8,LCD,60,64,32,1,0,10,32999
MediaTek,realme,6,64,5000,6.5,LCD,120,48,16,1,0,10,13499
MediaTek,realme,4,128,5000,6.5,LCD,90,48,16,1,0,11,16499
MediaTek,Lava,4,64,5000,6.56,LCD,90,50,8,1,0,13,8900
Snapdragon,realme,1,256,5000,6.7,LCD,120,50,16,1,0,14,17998
Snapdragon,realme,8,128,5000,6.62,AMOLED,120,50,16,1,0,12,24999
MediaTek,realme,1,256,5000,6.67,LCD,120,50,16,1,0,14,16999
MediaTek,Infinix,8,256,5000,6.78,LCD,120,50,16,1,0,12,19999
Apple,Apple,8,512,4441,6.7,LCD,120,48,12,0,1,17,104999
MediaTek,realme,6,128,5000,6.4,AMOLED,90,48,16,1,0,12,19490
Snapdragon,Moto,6,128,5000,6.6,LCD,120,50,16,1,0,12,13999
Snapdragon,Nothing,1,256,4700,6.7,AMOLED,120,50,32,1,0,13,38999
Snapdragon,OnePlus,1,256,5000,6.7,AMOLED,120,50,32,1,0,12,39710
MediaTek,iQOO,6,128,4500,6.38,AMOLED,90,64,16,1,0,13,21999
MediaTek,OnePlus,8,128,7100,6.77,AMOLED,120,50,16,1,0,15,22999
MediaTek,Moto,1,256,6000,6.5,LCD,120,50,16,1,0,13,16999
Apple,Apple,4,64,5000,4.7,LCD,120,,,0,1,15,47600
Snapdragon,Honor,1,512,5000,6.7,AMOLED,120,200,50,1,0,13,27999
Snapdragon,Xiaomi,8,128,5000,6.67,LCD,144,108,20,1,0,10,29999
Snapdragon,iQOO,8,256,5500,6.77,AMOLED,120,50,16,1,0,14,24927
Snapdragon,Motorola,8,256,3800,6.9,LCD,165,13,32,1,0,13,54999
MediaTek,POCO,4,64,5000,6.6,LCD,90,50,16,1,0,11,10999
Snapdragon,vivo,1,256,4200,6.56,AMOLED,120,8,32,1,0,11,64690
Snapdragon,OnePlus,1,256,5000,6.7,AMOLED,120,50,16,1,0,13,23749
Snapdragon,POCO,1,256,4500,6.67,AMOLED,120,64,20,1,0,12,33999
Snapdragon,realme,8,128,5000,6.62,AMOLED,120,64,16,1,0,11,22999
Snapdragon,OPPO,6,128,5000,6.5,LCD,90,48,8,1,0,11,20999
MediaTek,realme,6,128,4310,6.4,AMOLED,60,64,16,1,0,10,21999
MediaTek,OPPO,8,256,4300,6.8,AMOLED,120,50,32,1,0,13,44414
Snapdragon,iQOO,6,128,4700,6.44,AMOLED,90,64,16,1,0,12,19999
Snapdragon,Asus,1,256,6000,6.78,AMOLED,144,64,24,1,0,11,35905
Samsung,Samsung,6,128,5000,6.6,LCD,90,50,13,1,0,13,11999
Snapdragon,Xiaomi,8,128,4780,6.67,AMOLED,90,2,20,1,0,10,54999
MediaTek,POCO,4,64,5000,6.5,LCD,90,48,8,1,0,11,14499
MediaTek,Xiaomi,6,128,4500,6.67,AMOLED,120,108,16,1,0,11,20999
Snapdragon,OnePlus,1,1,4805,7.82,AMOLED,120,64,32,1,0,14,149998
Google,Google,8,256,4575,6.2,LCD,120,50,10.5,1,0,14,47999
MediaTek,OPPO,1,512,5630,6.59,LCD,120,50,32,1,0,15,79999
Snapdragon,OnePlus,1,256,5000,6.7,AMOLED,120,50,16,1,0,13,41840
MediaTek,realme,8,128,5000,6.67,AMOLED,120,50,16,1,0,14,14446
MediaTek,realme,6,128,5000,6.6,LCD,90,50,8,1,0,12,15011
Snapdragon,vivo,8,128,5000,6.58,LCD,90,48,8,1,0,11,18449
MediaTek,vivo,8,256,4600,6.78,AMOLED,120,64,16,1,0,13,23999
MediaTek,OPPO,1,512,5600,6.59,AMOLED,120,50,50,1,0,15,41999
MediaTek,Samsung,8,256,5000,6.6,AMOLED,120,48,13,1,0,13,25649
Snapdragon,OnePlus,1,256,4115,6.44,AMOLED,90,2,8,1,0,10,21999
MediaTek,vivo,1,512,5000,6.78,AMOLED,120,64,32,1,0,14,52999
MediaTek,vivo,8,128,5000,6.58,LCD,60,50,16,1,0,11,16140
Snapdragon,Samsung,1,512,5000,6.8,AMOLED,120,10,40,1,0,12,84753
Snapdragon,iQOO,8,128,4500,6.38,AMOLED,90,64,16,1,0,13,15799
MediaTek,Motorola,6,128,5000,6.7,LCD,90,108,32,1,0,11,18999
Snapdragon,Moto,6,128,5000,6.4,AMOLED,60,50,16,1,0,11,16999
Snapdragon,Asus,8,128,4000,5.9,AMOLED,120,64,12,1,0,11,48999
Snapdragon,Nokia,4,128,5000,6.56,LCD,90,50,8,1,0,13,11999
MediaTek,Samsung,4,64,5000,6.5,LCD,90,50,5,1,0,12,9990
MediaTek,realme,6,128,5000,6.5,LCD,90,48,16,1,0,11,17999
Snapdragon,POCO,8,256,5000,6.79,LCD,90,50,8,1,0,13,14999
MediaTek,Infinix,8,256,5000,6.78,LCD,120,108,16,1,0,13,15999
Snapdragon,Asus,8,128,6000,6.59,AMOLED,144,64,24,1,0,10,55999
MediaTek,vivo,4,128,5000,6.58,LCD,120,,,1,0,13,15999
Snapdragon,OnePlus,1,256,4500,6.62,AMOLED,120,50,16,1,0,11,42500
Snapdragon,OnePlus,1,256,4500,6.7,AMOLED,120,2,16,1,0,11,40000
Snapdragon,Motorola,1,256,4610,6.67,LCD,144,200,60,1,0,12,39999
Snapdragon,iQOO,8,128,4700,6.78,AMOLED,120,50,16,1,0,12,44999
MediaTek,OnePlus,8,128,4500,6.43,AMOLED,90,50,32,1,0,11,18700
Snapdragon,vivo,8,256,5000,6.67,AMOLED,120,50,32,1,0,14,22999
Snapdragon,OnePlus,1,256,4500,6.55,AMOLED,120,50,16,1,0,11,35499
Snapdragon,OnePlus,1,256,4500,6.55,AMOLED,120,2,16,1,0,11,33999
Samsung,Samsung,8,256,5000,6.5,AMOLED,120,5,32,1,0,12,25999
Snapdragon,OnePlus,8,128,5000,6.59,LCD,120,64,16,1,0,12,17990
MediaTek,Lava,8,128,5000,6.78,LCD,120,50,8,1,0,13,9865
Snapdragon,vivo,8,256,5500,6.78,AMOLED,120,50,50,1,0,14,25480
Snapdragon,Moto,6,128,5000,6.7,LCD,60,48,16,1,0,10,24999
Apple,Apple,8,1,4441,6.7,LCD,120,48,12,0,1,17,108999
Snapdragon,iQOO,1,256,5500,6.77,AMOLED,120,50,16,1,0,14,27849
MediaTek,realme,6,128,5000,6.72,LCD,120,50,8,1,0,14,11000
MediaTek,Infinix,8,128,5000,6.78,LCD,120,50,16,1,0,12,17999
Snapdragon,Samsung,8,256,5000,6.7,AMOLED,120,5,32,1,0,12,41300
MediaTek,POCO,8,128,5065,6.67,AMOLED,120,64,16,1,0,11,28999
Apple,Apple,4,256,2815,6.1,LCD,60,12,12,0,1,14,64900
Snapdragon,OnePlus,1,256,4510,6.78,AMOLED,120,5,16,1,0,10,59990
Snapdragon,realme,1,512,5500,6.78,AMOLED,120,50,32,1,0,14,31785
MediaTek,vivo,6,128,5000,6.56,LCD,90,50,8,1,0,13,12850
MediaTek,vivo,1,256,4500,6.78,AMOLED,120,50,32,1,0,12,39999
MediaTek,Samsung,6,128,5000,6.5,LCD,60,2,13,1,0,11,13990
MediaTek,realme,4,128,5000,6.67,LCD,120,50,8,1,0,14,9870
Snapdragon,Xiaomi,8,128,4250,6.55,AMOLED,90,64,20,1,0,11,20980
Snapdragon,vivo,8,128,6000,6.72,LCD,120,50,8,1,0,14,15499
MediaTek,OPPO,1,256,4300,6.8,AMOLED,120,50,32,1,0,13,74999
Snapdragon,iQOO,1,256,4350,6.56,AMOLED,120,48,16,1,0,12,25990
Snapdragon,Asus,1,512,6000,6.78,AMOLED,144,64,24,1,0,11,85999
Snapdragon,Xiaomi,8,128,4820,6.67,LCD,120,2,16,1,0,10,19840
Apple,Apple,4,128,5000,4.7,LCD,120,,,0,1,15,52600
Apple,Apple,4,512,3227,6.1,LCD,60,12,12,0,1,15,60900
Snapdragon,Samsung,1,256,4500,7.6,AMOLED,120,12,10,1,0,10,109999
MediaTek,Xiaomi,8,256,5080,6.6,LCD,144,64,16,1,0,12,23999
Snapdragon,iQOO,1,256,4500,6.62,AMOLED,120,48,16,1,0,12,33899
MediaTek,Lava,8,128,5000,6.78,LCD,90,2,16,1,0,11,23999
Snapdragon,iQOO,1,256,5000,6.67,LCD,120,64,16,1,0,11,31990
Apple,Apple,4,256,3227,6.1,LCD,60,12,12,0,1,15,54999
Snapdragon,vivo,1,256,4300,6.56,AMOLED,120,48,32,1,0,11,46990
Samsung,Samsung,6,128,6000,6.6,LCD,90,50,13,1,0,13,10956
MediaTek,vivo,1,256,4600,6.78,AMOLED,120,50,50,1,0,13,35999
Snapdragon,iQOO,1,256,4700,6.78,AMOLED,120,50,16,1,0,12,52990
Snapdragon,Xiaomi,1,256,5000,6.67,AMOLED,120,108,16,1,0,11,25990
Apple,Apple,6,512,4352,6.7,LCD,120,12,12,0,1,15,159900
Snapdragon,Asus,8,128,6000,6.78,AMOLED,144,64,24,1,0,11,55999
MediaTek,realme,1,256,5000,6.7,AMOLED,120,200,32,1,0,13,29999
Snapdragon,iQOO,8,128,4400,6.58,LCD,120,64,16,1,0,11,24990
MediaTek,POCO,8,256,5000,6.74,LCD,90,50,5,1,0,13,9999
MediaTek,Infinix,8,128,5000,6.7,AMOLED,60,108,16,1,0,12,18999
Snapdragon,iQOO,8,128,5000,6.58,LCD,120,50,16,1,0,12,17999
Apple,Apple,4,256,2406,5.4,LCD,60,12,12,0,1,15,64900
MediaTek,POCO,6,128,5000,6.5,LCD,90,48,8,1,0,11,16499
Snapdragon,Xiaomi,8,128,4520,6.67,AMOLED,120,48,20,1,0,11,19501
Snapdragon,iQOO,1,256,4700,6.44,AMOLED,90,64,16,1,0,12,23990
MediaTek,Xiaomi,8,128,4500,6.67,AMOLED,120,108,16,1,0,11,18999
Snapdragon,realme,1,256,5000,6.62,AMOLED,120,64,16,1,0,11,26999
Apple,Apple,6,256,5000,6.1,LCD,120,,,0,1,14,119900
Snapdragon,realme,1,256,5000,6.7,AMOLED,120,64,32,1,0,14,23999
Snapdragon,iQOO,1,256,5000,6.78,AMOLED,120,50,16,1,0,13,33825
Apple,Apple,6,1,4323,6.7,LCD,120,48,12,0,1,16,184900
Snapdragon,iQOO,8,256,4400,6.62,AMOLED,120,48,16,1,0,11,25499
MediaTek,vivo,8,256,4000,6.44,AMOLED,90,64,44,1,0,11,23745
Snapdragon,OnePlus,1,256,4300,6.55,AMOLED,90,48,16,1,0,10,32990
Snapdragon,iQOO,1,256,4440,6.44,AMOLED,60,2,16,1,0,10,46990
MediaTek,Tecno,8,256,5000,6.67,AMOLED,120,64,32,1,0,13,21999
MediaTek,iQOO,8,128,4500,6.38,AMOLED,90,64,16,1,0,13,21999
MediaTek,realme,6,128,5000,6.5,LCD,90,48,16,1,0,11,15499
Snapdragon,Asus,8,128,6000,6.78,AMOLED,144,64,24,1,0,11,34087
MediaTek,vivo,1,256,4200,6.44,AMOLED,90,64,8,1,0,12,28990
MediaTek,vivo,8,256,4450,6.56,AMOLED,120,8,32,1,0,11,31990
Apple,Apple,6,256,3687,6.7,LCD,60,12,12,0,1,14,129900
Apple,Apple,4,256,2227,5.4,LCD,60,12,12,0,1,14,74900
MediaTek,Xiaomi,1,256,5000,6.67,AMOLED,120,50,16,1,0,12,19999
Apple,Apple,6,1,4352,6.7,LCD,120,12,12,0,1,15,179900
Apple,Apple,6,512,3095,6.1,LCD,120,12,12,0,1,15,149900
Apple,Apple,4,512,2406,5.4,LCD,60,12,12,0,1,15,94900
MediaTek,Motorola,8,128,5000,6.7,LCD,90,108,32,1,0,11,20999
MediaTek,realme,4,64,5000,6.5,LCD,90,48,16,1,0,11,14999
Snapdragon,iQOO,8,256,4400,6.58,LCD,120,64,16,1,0,11,22990
MediaTek,realme,4,64,5000,6.5,LCD,90,48,16,1,0,11,12141
Snapdragon,iQOO,1,256,4400,6.62,AMOLED,120,48,16,1,0,11,26499
MediaTek,realme,8,128,5000,6.5,LCD,120,48,16,1,0,10,16499
Snapdragon,Xiaomi,6,64,4820,6.67,LCD,120,2,16,1,0,10,18521
Snapdragon,realme,1,256,4200,6.44,AMOLED,90,2,8,1,0,10,47999
MediaTek,realme,8,256,5000,6.67,AMOLED,120,50,16,1,0,14,17289
MediaTek,vivo,1,256,4600,6.78,AMOLED,120,50,50,1,0,13,36999
MediaTek,iQOO,1,256,5000,6.78,AMOLED,120,64,16,1,0,13,30390
MediaTek,realme,8,256,4500,6.4,AMOLED,90,50,16,1,0,12,22999
MediaTek,OnePlus,1,256,4500,6.43,AMOLED,90,50,32,1,0,11,29992
Snapdragon,iQOO,6,128,5000,6.58,LCD,120,50,16,1,0,12,15500
Apple,Apple,6,1,3095,6.1,LCD,120,12,12,0,1,15,169900
Apple,Apple,6,256,3095,6.1,LCD,120,12,12,0,1,15,129900
MediaTek,OnePlus,1,256,4500,6.43,AMOLED,90,50,32,1,0,11,29992
Snapdragon,OnePlus,8,128,4500,6.43,AMOLED,90,64,16,1,0,11,21999
Snapdragon,Samsung,8,128,5000,6.6,AMOLED,60,5,20,1,0,11,21999
Apple,Apple,6,512,5000,6.1,LCD,120,,,0,1,14,139900
Apple,Apple,8,512,3274,6.1,LCD,120,48,12,0,1,17,99499
MediaTek,Lava,6,128,5000,6.5,LCD,90,50,8,1,0,12,9299
Apple,Apple,6,512,3200,6.1,LCD,120,48,12,0,1,16,149900
Apple,Apple,4,256,5000,4.7,LCD,120,,,0,1,15,62600
MediaTek,POCO,6,128,5000,6.6,LCD,90,50,16,1,0,11,12999
Apple,Apple,6,256,4352,6.7,LCD,120,12,12,0,1,15,139900
Snapdragon,realme,8,256,4300,6.43,AMOLED,120,64,32,1,0,11,25999
MediaTek,POCO,8,256,5065,6.67,AMOLED,120,64,16,1,0,11,30999
Snapdragon,Samsung,6,128,5000,6.6,AMOLED,60,5,20,1,0,11,21450
MediaTek,realme,8,128,5000,6.72,LCD,120,64,8,1,0,13,14999
MediaTek,realme,8,256,5000,6.72,LCD,120,108,16,1,0,13,17999
Snapdragon,Galaxy,1,1,4400,7.6,AMOLED,120,50,4,1,0,13,189999
Snapdragon,OnePlus,8,256,6800,6.83,AMOLED,144,50,50,1,0,15,31999
MediaTek,realme,6,128,5000,6.6,LCD,90,48,8,1,0,12,18990
MediaTek,realme,4,128,5000,6.6,LCD,90,48,8,1,0,12,15990
Snapdragon,OnePlus,8,128,4300,6.55,AMOLED,90,48,16,1,0,10,34890
Snapdragon,realme,8,128,5000,6.72,LCD,120,108,16,1,0,13,20999
Snapdragon,Asus,1,256,6000,6.59,AMOLED,144,64,24,1,0,10,65999
Snapdragon,Asus,1,128,6000,6.59,AMOLED,144,64,24,1,0,10,57999
Snapdragon,Moto,8,128,5500,6.67,LCD,144,50,32,1,0,15,17999
Snapdragon,Moto,8,256,5500,6.67,LCD,144,50,32,1,0,15,17999
Snapdragon,Nothing,1,256,5150,6.67,AMOLED,120,50,50,1,0,15,79999
Snapdragon,Honor,1,512,5600,6.8,LCD,120,180,50,1,0,14,89999
MediaTek,OPPO,1,256,4500,6.55,AMOLED,90,2,32,1,0,11,29999
MediaTek,Tecno,8,256,6000,6.78,AMOLED,120,108,32,1,0,14,19999
Snapdragon,Motorola,1,256,5000,6.7,LCD,90,108,25,1,0,10,49999
MediaTek,vivo,8,128,5000,6.58,LCD,120,,,1,0,13,17999
Snapdragon,Asus,1,512,5500,6.78,AMOLED,165,50,32,1,0,14,94999
Snapdragon,Nothing,1,512,5150,6.67,AMOLED,120,50,50,1,0,15,89999
Snapdragon,Xiaomi,1,256,5000,6.81,AMOLED,120,50,20,1,0,11,69999
MediaTek,OPPO,8,128,4350,6.55,AMOLED,90,2,32,1,0,11,27100
Snapdragon,Acera,5,8,3000,6.5,LCD,60,5,2,1,0,9,15999
MediaTek,OPPO,8,256,4500,6.43,AMOLED,90,64,32,1,0,11,27990
MediaTek,OPPO,1,256,4500,6.55,AMOLED,90,50,32,1,0,11,27990
MediaTek,Tecno,8,128,5000,6.78,LCD,120,50,16,1,0,13,14999
MediaTek,Xiaomi,8,256,5110,6.67,AMOLED,120,50,20,1,0,14,19999
MediaTek,Samsung,4,128,6000,6.6,AMOLED,90,50,13,1,0,14,13999
MediaTek,Acer,6,128,5000,6.67,AMOLED,120,50,50,1,0,15,17990
MediaTek,Tecno,8,256,4720,6.9,AMOLED,120,50,32,1,0,14,54999
MediaTek,Ulefone,1,512,1280,6.95,LCD,120,64,32,1,0,14,62500
MediaTek,iQOO,8,256,4600,6.78,AMOLED,120,64,16,1,0,13,23999
Snapdragon,Xiaomi,8,128,5030,6.79,LCD,120,108,13,1,0,14,13500
MediaTek,Tecno,1,256,5000,7.85,AMOLED,120,50,32,1,0,13,69999
Snapdragon,Xiaomi,1,512,4700,6.55,AMOLED,120,50,32,1,0,14,48999
Snapdragon,Nothing,1,512,4700,6.7,AMOLED,120,50,32,1,0,13,37499
MediaTek,Infinix,8,256,5000,6.78,AMOLED,120,108,32,1,0,14,15999
MediaTek,Infinix,1,256,4600,6.78,AMOLED,120,108,32,1,0,14,18999
MediaTek,Xiaomi,1,512,5000,6.67,AMOLED,120,200,16,1,0,13,34998
Snapdragon,POCO,1,256,5000,6.67,AMOLED,120,50,20,1,0,14,37999
MediaTek,OnePlus,1,256,4500,6.7,AMOLED,120,50,16,1,0,12,39999
MediaTek,Ulefone,1,256,1060,6.78,LCD,120,64,32,1,0,14,59500
MediaTek,Ulefone,1,512,9600,6.58,LCD,120,108,32,1,0,13,68500
Snapdragon,OnePlus,1,512,5000,6.74,AMOLED,120,50,16,1,0,13,45999
Snapdragon,iQOO,1,256,5000,6.78,AMOLED,144,64,16,1,0,14,45999
Snapdragon,Asus,2,1,5500,6.78,AMOLED,165,50,32,1,0,14,119999
Snapdragon,OPPO,1,256,4200,6.7,LCD,120,48,32,1,0,10,44999
Snapdragon,iQOO,1,512,5000,6.78,AMOLED,144,64,16,1,0,14,45999
Snapdragon,AGM,8,256,5000,6.53,LCD,120,,,1,0,11,75490
MediaTek,Blackview,1,512,8800,6.78,LCD,120,50,50,1,0,13,59750
Snapdragon,Samsung,8,256,3700,6.7,AMOLED,120,12,10,1,0,12,97999
MediaTek,OnePlus,8,128,5000,6.7,AMOLED,120,50,16,1,0,12,34999
MediaTek,Lava,6,128,5000,6.5,LCD,90,50,8,1,0,12,9299
